Seed,Model,Dataset,Approach,Value,accuracy_10,f1_10,accuracy_50,f1_50,accuracy_100,f1_100,accuracy_250,f1_250,accuracy_500,f1_500,accuracy_750,f1_750,accuracy_1000,f1_1000,accuracy_2500,f1_2500,accuracy_5000,f1_5000,accuracy_7500,f1_7500,accuracy_9000,f1_9000
0,MLP,MNISTbinary,Neural-CBP,1556.0,0.6991,0.6985082412431901,0.7294,0.7154354562902058,0.7568,0.746307411632608,0.8803,0.8797839477228808,0.9319,0.931897320843588,,,,,,,,,,,,
1,MLP,MNISTbinary,Neural-CBP,1352.0,0.648,0.6479522386836964,0.7509,0.7385744761190423,0.8665,0.8663462920114238,0.8817,0.8809027010410136,0.9415,0.9414639210674324,,,,,,,,,,,,
2,MLP,MNISTbinary,Neural-CBP,1353.0,0.6235,0.5834953150855502,0.714,0.6990161490458046,0.7133,0.6930383301662845,0.8442,0.8415770798417042,0.923,0.9229253233286656,0.957,0.9569993204303522,,,,,,,,,,
3,MLP,MNISTbinary,Neural-CBP,1298.0,0.606,0.5414521012066928,0.7515,0.748480498739886,0.8317,0.8316130577949847,0.8856,0.8850227544078214,0.938,0.937968855426418,,,,,,,,,,,,
4,MLP,MNISTbinary,Neural-CBP,1346.0,0.5387,0.4213319049288107,0.7315,0.7293979181009125,0.7118,0.6970956409424365,0.8882,0.8879851476194984,0.938,0.9379749808481147,,,,,,,,,,,,
5,MLP,MNISTbinary,Neural-CBP,1266.0,0.6156,0.5850905740658263,0.7107,0.6978189307172804,0.8699,0.8698586574724846,0.8824,0.8815516713444351,0.9454,0.9454024987662666,,,,,,,,,,,,
6,MLP,MNISTbinary,Neural-CBP,1200.0,0.5243,0.39599730367112096,0.6508,0.6150321108442984,0.675,0.6453591318813457,0.8925,0.8923293728842259,,,,,,,,,,,,,,
7,MLP,MNISTbinary,Neural-CBP,1196.0,0.6746,0.6744770157649508,0.7009,0.6983386550552969,0.8008,0.7974546713615024,0.8999,0.8997569699108673,,,,,,,,,,,,,,
8,MLP,MNISTbinary,Neural-CBP,1546.0,0.6166,0.5665250285100506,0.7581,0.7525046796245759,0.6654,0.6300239966912704,0.871,0.8703037078270532,0.8811,0.8800548216587194,,,,,,,,,,,,
9,MLP,MNISTbinary,Neural-CBP,1272.0,0.5309,0.4091501008794487,0.6557,0.6244168432617564,0.7577,0.7467099378093508,0.9056,0.9055651036796651,0.936,0.9360030029435423,,,,,,,,,,,,
10,MLP,MNISTbinary,Neural-CBP,1255.0,0.502,0.3478195101518596,0.7471,0.742631149081013,0.7479,0.7359603414312044,0.8908,0.8905346824467153,0.9416,0.9415774253762115,,,,,,,,,,,,
11,MLP,MNISTbinary,Neural-CBP,1377.0,0.6672,0.6401716416351534,0.6934,0.6686570467355861,0.7973,0.7962352312994316,0.8586,0.8571657411473549,0.9376,0.9375598808863198,0.9623,0.9623019284133345,,,,,,,,,,
12,MLP,MNISTbinary,Neural-CBP,1738.0,0.6106,0.5852884865049278,0.7464,0.7458080844221624,0.808,0.8067598349661806,0.8615,0.8615036943908683,0.9391,0.939097366058538,,,,,,,,,,,,
13,MLP,MNISTbinary,Neural-CBP,1326.0,0.5718,0.5685230814014784,0.7607,0.75677637438675,0.7562,0.7486396831038759,0.8448,0.8417263587739037,0.9387,0.9386369025791097,,,,,,,,,,,,
14,MLP,MNISTbinary,Neural-CBP,1284.0,0.6343,0.634253356532667,0.7558,0.7557793623761463,0.8158,0.8124558227725409,0.8488,0.8465431184026853,0.9252,0.9250326801858335,,,,,,,,,,,,
15,MLP,MNISTbinary,Neural-CBP,1469.0,0.5527,0.4846995705943324,0.6497,0.612426230511426,0.6306,0.5794202277070665,0.8649,0.8646534667256838,0.9266,0.9264899634826063,0.9615,0.9614981803177223,,,,,,,,,,
16,MLP,MNISTbinary,Neural-CBP,1268.0,0.641,0.610333322220223,0.7244,0.7143019695442389,0.847,0.8469809049125768,0.9033,0.90320798175058,0.9393,0.9392656534916312,,,,,,,,,,,,
17,MLP,MNISTbinary,Neural-CBP,1314.0,0.6543,0.6543015041112394,0.6908,0.6901730788515833,0.8007,0.8002374468787666,0.8962,0.8961926633100582,0.9229,0.9226945304383236,,,,,,,,,,,,
18,MLP,MNISTbinary,Neural-CBP,1319.0,0.6921,0.6741665808949799,0.7782,0.7777256141183329,0.8178,0.8149124848239677,0.9013,0.9012828915638543,0.9201,0.9198769182220794,,,,,,,,,,,,
19,MLP,MNISTbinary,Neural-CBP,1317.0,0.7672,0.7669141517822614,0.7567,0.7482591022296553,0.8394,0.8373350662362238,0.8811,0.8807069069293966,0.9467,0.9466970423545771,,,,,,,,,,,,
20,MLP,MNISTbinary,Neural-CBP,1486.0,0.5456,0.43837309841459327,0.7414,0.738158213569986,0.82,0.8200095043421562,0.8526,0.8511153844564776,0.9245,0.9244478021340715,0.9568,0.9567943728784394,,,,,,,,,,
21,MLP,MNISTbinary,Neural-CBP,1278.0,0.5296,0.45858300008715297,0.6898,0.6840876135708411,0.8064,0.8045513739041391,0.8846,0.8841634887125887,0.927,0.9268905631366521,,,,,,,,,,,,
22,MLP,MNISTbinary,Neural-CBP,1376.0,0.6292,0.5920280759342624,0.8026,0.801563729468599,0.7818,0.7775596550808422,0.8637,0.8634858685429695,0.9389,0.9389006030572955,,,,,,,,,,,,
23,MLP,MNISTbinary,Neural-CBP,1284.0,0.5267,0.4162012152354216,0.6354,0.6327824310848459,0.7009,0.6772009142284062,0.9076,0.9075884680648504,0.9243,0.9240421801298451,,,,,,,,,,,,
24,MLP,MNISTbinary,Neural-CBP,1322.0,0.6847,0.6804316527844924,0.7319,0.7296740687708472,0.7665,0.7571858854524169,0.8809,0.8805826014942196,0.9204,0.9202175844795102,,,,,,,,,,,,
0,MLP,MNISTbinary,IneurAL (official),4050.0,0.6171,0.6006646328610273,0.7158,0.7035133993081635,0.7789,0.7784039998207057,0.8819,0.8818077072417555,0.9115,0.9113968678416604,0.929,0.9289694975949413,0.929,0.9289694975949413,0.9634,0.9633992971000577,,,,,,
1,MLP,MNISTbinary,IneurAL (official),4037.0,0.729,0.727480145512797,0.799,0.7986458011334364,0.8259,0.8256509492884703,0.8648,0.8645001658015496,0.9294,0.9294024995880427,0.9329,0.93290359334762,0.9334,0.9333491480250885,0.9615,0.9614977003699571,,,,,,
2,MLP,MNISTbinary,IneurAL (official),4117.0,0.6706,0.6354184071823542,0.7307,0.7164521568217975,0.8481,0.8479649577843693,0.8643,0.863876290821375,0.9296,0.9295762518364823,0.9438,0.9437914198023469,0.941,0.9409992636795287,0.9534,0.9533710401970668,,,,,,
3,MLP,MNISTbinary,IneurAL (official),3515.0,0.492,0.46457715628259527,0.7268,0.7264719962696465,0.8163,0.8156568369399769,0.8543,0.8528767505326476,0.935,0.9349918844889052,0.9377,0.9376962776015051,0.939,0.9389972403413445,0.9634,0.9634005973128602,,,,,,
4,MLP,MNISTbinary,IneurAL (official),3994.0,0.5248,0.46823564235434495,0.7614,0.759519137230524,0.8312,0.8306360219516893,0.8813,0.8810557277143063,0.9135,0.9134110504355458,0.9135,0.9134110504355458,0.9392,0.9391998175999928,0.964,0.9640013364998394,,,,,,
5,MLP,MNISTbinary,IneurAL (official),4350.0,0.7016,0.70100042445291,0.7215,0.7139812550529859,0.8352,0.8351820162779222,0.8803,0.8802512137478052,0.9317,0.9316868978495615,0.9361,0.9361019649372809,0.9397,0.9396165151866495,0.9641,0.96410117286155,,,,,,
6,MLP,MNISTbinary,IneurAL (official),4003.0,0.5678,0.5359970878365732,0.6957,0.6775612777371374,0.8383,0.8380273554153728,0.8848,0.8848052716540591,0.9058,0.9056479961626048,0.9348,0.9347764184952699,0.9435,0.9435011271775362,0.9655,0.9655018807123753,,,,,,
7,MLP,MNISTbinary,IneurAL (official),4320.0,0.6964,0.6939562828251015,0.7623,0.7620975535563721,0.7819,0.7817218991270706,0.8671,0.8662480672649977,0.9088,0.9087506830273949,0.9267,0.9266936315228058,0.9393,0.939266256699566,0.9623,0.9623011592822455,,,,,,
8,MLP,MNISTbinary,IneurAL (official),3631.0,0.7116,0.7098665933368588,0.7034,0.68996058890932,0.8276,0.8274305852111281,0.8933,0.893214200858874,0.9156,0.9156046219971006,0.9289,0.9288849944485319,0.9418,0.9417808149340868,0.9654,0.9654018892525733,,,,,,
9,MLP,MNISTbinary,IneurAL (official),3933.0,0.6975,0.6971559101874842,0.7741,0.7739896274079355,0.6713,0.6360673215026607,0.8532,0.8519914445534916,0.9239,0.9238947908836872,0.9212,0.921158885750995,0.9322,0.9321776503871322,0.9608,0.9608013876924891,,,,,,
10,MLP,MNISTbinary,IneurAL (official),3884.0,0.6576,0.6454776229364767,0.7601,0.7599594290218588,0.8315,0.8315079995110302,0.8536,0.852261461580145,0.9168,0.9166699616034916,0.9229,0.922871815884324,0.9437,0.9436820990395843,0.9657,0.9657015049132975,,,,,,
11,MLP,MNISTbinary,IneurAL (official),3763.0,0.6527,0.6453704328193475,0.782,0.7818777321878417,0.838,0.8377385921267727,0.9034,0.9033468156259347,0.9228,0.9228010653610654,0.9258,0.9257044829189311,0.9354,0.9353631237848243,0.9588,0.9587636255553018,,,,,,
12,MLP,MNISTbinary,IneurAL (official),3887.0,0.6825,0.6797974653563946,0.7074,0.6965369729904481,0.7782,0.7782095828777469,0.8671,0.8666129827899905,0.9072,0.9070502552429908,0.9266,0.9265812810524807,0.9276,0.9274462954776127,0.9578,0.9577562837200365,,,,,,
13,MLP,MNISTbinary,IneurAL (official),3885.0,0.7195,0.7195091640018055,0.7237,0.7116447168360875,0.8381,0.8380068378382263,0.8922,0.8922055543261181,0.908,0.9077573293667921,0.9392,0.9392023569143046,0.9444,0.944403009203081,0.9649,0.9649016663669862,,,,,,
14,MLP,MNISTbinary,IneurAL (official),3746.0,0.6357,0.6253077694004909,0.7423,0.7320170511144993,0.8258,0.8243400279302394,0.89,0.8896547125280627,0.9125,0.9124572778244068,0.9296,0.9295867216671649,0.9379,0.9378550052675139,0.9574,0.9574007991775663,,,,,,
15,MLP,MNISTbinary,IneurAL (official),3646.0,0.6468,0.6452755671907102,0.7767,0.7747709555578668,0.8178,0.8170169209384492,0.8883,0.8883057136278374,0.923,0.9228964187768993,0.9224,0.9222369316530443,0.9501,0.9500856446192669,0.966,0.9659962897660762,,,,,,
16,MLP,MNISTbinary,IneurAL (official),3733.0,0.7158,0.7072532958629181,0.7765,0.7738752667854194,0.8375,0.8370208360222445,0.8828,0.8825053524857621,0.9233,0.9232713122568712,0.9294,0.9293995706528035,0.9395,0.9394028706154846,0.9644,0.9644016290875392,,,,,,
17,MLP,MNISTbinary,IneurAL (official),3937.0,0.7118,0.7055600554172629,0.7956,0.7955946351010568,0.8432,0.8431922705017106,0.8822,0.8817040212302869,0.9263,0.926288109345347,0.9363,0.9362456990142387,0.9492,0.9491979029639209,0.9679,0.9679017319143117,,,,,,
18,MLP,MNISTbinary,IneurAL (official),4122.0,0.5805,0.5036409046079611,0.8145,0.8144881147447469,0.8473,0.8472466291633047,0.8839,0.883886433274217,0.9289,0.9289003092850279,0.9462,0.9462003099522717,0.9422,0.9422018334283941,0.9636,0.9636017836445911,,,,,,
19,MLP,MNISTbinary,IneurAL (official),3567.0,0.6987,0.6889111071389374,0.7937,0.7917774603455433,0.8098,0.8079480625185299,0.8829,0.8828810990255752,0.9285,0.9285023359220289,0.935,0.9349948129084996,0.941,0.9409291646409558,0.9663,0.9663001465950132,,,,,,
20,MLP,MNISTbinary,IneurAL (official),3716.0,0.6444,0.6242272116877278,0.798,0.7966486790658022,0.83,0.8293006526968087,0.8867,0.886445830753894,0.9184,0.918219034980817,0.9436,0.9436025811431765,0.948,0.9479631909088634,0.9627,0.9627020244038211,,,,,,
21,MLP,MNISTbinary,IneurAL (official),3989.0,0.6664,0.6653545896497491,0.7463,0.7383436854493034,0.8233,0.821795943711732,0.8683,0.8682668753879583,0.9212,0.9212041134983782,0.9241,0.9241018606186255,0.9368,0.9367394574318681,0.9643,0.9642993754491072,,,,,,
22,MLP,MNISTbinary,IneurAL (official),4113.0,0.6195,0.5553162864691729,0.7627,0.7586479864466146,0.8367,0.8362709608186569,0.8934,0.8933569832001454,0.9323,0.9323018058502658,0.9358,0.9357878854714144,0.9468,0.9467973774916518,0.9602,0.9601941539056766,,,,,,
23,MLP,MNISTbinary,IneurAL (official),4128.0,0.7461,0.7369382334271911,0.806,0.8033133810444806,0.8458,0.8458004503599988,0.8845,0.8844983675826253,0.9313,0.9312597447845005,0.9437,0.943703078103501,0.9442,0.9441779726611137,0.9599,0.9599010694717163,,,,,,
24,MLP,MNISTbinary,IneurAL (official),4171.0,0.6808,0.670011152674596,0.8036,0.8035765241657951,0.828,0.8276729497354498,0.8844,0.8841050940515883,0.9201,0.9200157184761109,0.9241,0.9240746964248221,0.9408,0.9408020959718429,0.9623,0.962298516825305,,,,,,
0,MLP,MNISTbinary,IneurAL (tuned),1476.0,0.6001,0.5838406671562966,0.7869,0.7869009271799395,0.8515,0.8508637331330068,0.9206,0.9205429137158104,0.9438,0.9438028527951876,0.9523,0.9522936564147724,0.9554,0.9553939484241273,,,,,,,,
1,MLP,MNISTbinary,IneurAL (tuned),1673.0,0.6478,0.623423032982497,0.6763,0.653156491552822,0.8064,0.8062097523020558,0.8895,0.8895010908518721,0.9091,0.9088223135310134,0.9441,0.9441028595323209,0.9546,0.9545959484182686,,,,,,,,
2,MLP,MNISTbinary,IneurAL (tuned),5081.0,,,,,,,,,,,,,,,,,,,,,,
3,MLP,MNISTbinary,IneurAL (tuned),1596.0,0.7095,0.7066855832440851,0.8091,0.8091103608227737,0.8046,0.803422137492957,0.9,0.8999670550964806,0.9257,0.9256594582381835,0.9444,0.944373607865445,0.9565,0.9564902446790122,,,,,,,,
4,MLP,MNISTbinary,IneurAL (tuned),1557.0,0.6208,0.5672206480265767,0.8037,0.8022012492291999,0.8464,0.8463270893548983,0.8962,0.8960117270778921,0.9315,0.931476058269066,0.9524,0.952391313244277,0.9544,0.9543792015947365,,,,,,,,
5,MLP,MNISTbinary,IneurAL (tuned),1627.0,0.5441,0.49627604184478513,0.7564,0.7545009606678897,0.769,0.7592365923918764,0.8966,0.8963545817960585,0.9345,0.934500096285001,0.9435,0.9434357976641626,0.9626,0.9626001092080043,,,,,,,,
6,MLP,MNISTbinary,IneurAL (tuned),1621.0,0.7596,0.7572495959804363,0.7769,0.7732184507102089,0.835,0.8349657137039045,0.8873,0.8868150772380781,0.9321,0.9321025771458274,0.9503,0.9502928374040901,0.9621,0.9620994643409655,,,,,,,,
7,MLP,MNISTbinary,IneurAL (tuned),1679.0,0.6391,0.6035734268727642,0.7603,0.7600404626659399,0.8483,0.8482781375090636,0.9135,0.9135023073271488,0.9336,0.9335413771085448,0.9534,0.9533923441327646,0.947,0.9469665091229843,,,,,,,,
8,MLP,MNISTbinary,IneurAL (tuned),1519.0,0.6905,0.6814273193604231,0.7835,0.7815387427769328,0.8442,0.8439996573398341,0.8986,0.8985259622828944,0.9372,0.937174674076119,0.9579,0.9578996778595902,0.9619,0.9619016716383859,,,,,,,,
9,MLP,MNISTbinary,IneurAL (tuned),1647.0,0.5356,0.47902743556506794,0.7472,0.7447486968925802,0.8092,0.8073422204444559,0.8831,0.8828124570007251,0.9231,0.9230353717583737,0.9496,0.9496019537579105,0.9593,0.9593005091574123,,,,,,,,
10,MLP,MNISTbinary,IneurAL (tuned),1522.0,0.7204,0.7203489976958525,0.7925,0.7925100668116482,0.8374,0.8371158835799135,0.8925,0.8924597922765796,0.931,0.930913193063486,0.9522,0.9522017745747867,0.9594,0.9593979986120501,,,,,,,,
11,MLP,MNISTbinary,IneurAL (tuned),1542.0,0.7569,0.7558776783468104,0.8089,0.8088301428728184,0.8722,0.8722069783045601,0.9069,0.906794099961834,0.937,0.93699582546667,0.9496,0.9495973077869992,0.9617,0.9616972058038976,,,,,,,,
12,MLP,MNISTbinary,IneurAL (tuned),1597.0,0.7011,0.696120103184493,0.7609,0.7570693738347307,0.8335,0.8332543237974409,0.8924,0.8920423962475339,0.9132,0.9131942502934839,0.9406,0.9405922658226982,0.9425,0.9424570787765805,,,,,,,,
13,MLP,MNISTbinary,IneurAL (tuned),1676.0,0.7456,0.7451335495392832,0.7986,0.7967585953705003,0.8453,0.8452446786014444,0.8976,0.8975569061044211,0.9269,0.926876189451449,0.9452,0.9452019399374596,0.9556,0.9555937286708209,,,,,,,,
14,MLP,MNISTbinary,IneurAL (tuned),1594.0,0.5064,0.42295276643832747,0.7028,0.6979689485351385,0.8392,0.8386205536151047,0.8937,0.8937040341289317,0.9297,0.9296513972188771,0.9435,0.9434861827007666,0.9581,0.9581018919935923,,,,,,,,
15,MLP,MNISTbinary,IneurAL (tuned),1565.0,0.5608,0.5047188275165526,0.7711,0.7662003683381668,0.8418,0.8409988843904633,0.9001,0.9000979090894663,0.9293,0.9293038370612455,0.9483,0.9482979666282434,0.9523,0.9522914454251091,,,,,,,,
16,MLP,MNISTbinary,IneurAL (tuned),1572.0,0.7238,0.7187239595157332,0.7999,0.7984632348358035,0.7796,0.7788739035668846,0.8994,0.8993910190759394,0.9329,0.9329029437264839,0.9475,0.9474824975270508,0.9601,0.9600979519157757,,,,,,,,
17,MLP,MNISTbinary,IneurAL (tuned),1528.0,0.6364,0.6362102900896167,0.7847,0.7823292068648596,0.8642,0.8640111643898881,0.8957,0.8954132436476615,0.9285,0.9284677111028086,0.9514,0.9514024671539977,0.9576,0.957586354359155,,,,,,,,
18,MLP,MNISTbinary,IneurAL (tuned),1685.0,0.5676,0.5246919736718776,0.741,0.7410007562800301,0.8284,0.8283922344649065,0.8835,0.8834949598665386,0.9052,0.9049581567135861,0.944,0.9439824202721986,0.9524,0.9523935387280459,,,,,,,,
19,MLP,MNISTbinary,IneurAL (tuned),1585.0,0.6157,0.5932761456788466,0.748,0.7473415480218775,0.8167,0.8164707252698918,0.9151,0.9150786463207112,0.9294,0.9294036374260697,0.9515,0.9514962416718222,0.9652,0.9651998955765048,,,,,,,,
20,MLP,MNISTbinary,IneurAL (tuned),1522.0,0.714,0.7082691837321853,0.749,0.7461113902894942,0.8165,0.8163906091792819,0.9056,0.9055432845735822,0.9392,0.9391881504598965,0.9552,0.9552019355857668,0.9639,0.9639010380371934,,,,,,,,
21,MLP,MNISTbinary,IneurAL (tuned),1557.0,0.5203,0.39091844980247353,0.8054,0.8045375560862909,0.8261,0.825426937297907,0.9041,0.9041036394446336,0.9339,0.9339035874080388,0.9534,0.9534009843635155,0.964,0.9640016475381977,,,,,,,,
22,MLP,MNISTbinary,IneurAL (tuned),1631.0,0.6952,0.6947621247947603,0.7487,0.7475509593790673,0.8208,0.8207352261732233,0.8962,0.8960044653576144,0.9284,0.9284029932421823,0.9458,0.9457790619192925,0.9561,0.9561021717894884,,,,,,,,
23,MLP,MNISTbinary,IneurAL (tuned),1522.0,0.6219,0.5722223709982412,0.8002,0.7996729826900548,0.8124,0.8100489835503997,0.9029,0.9028391033637501,0.9397,0.9397032726279082,0.9537,0.95369919021202,0.9606,0.9606004412802824,,,,,,,,
24,MLP,MNISTbinary,IneurAL (tuned),1600.0,0.5997,0.5839628618623481,0.7729,0.7720283679292225,0.8408,0.8408040761878427,0.9097,0.9095923390966764,0.9322,0.9321571569535537,0.9463,0.946302037937193,0.9531,0.9531007067838551,,,,,,,,
0,MLP,MNISTbinary,Neuronal (official),1743.0,0.6171,0.615630392250547,0.7605,0.7604584856083393,0.7697,0.7697061421280869,0.8288,0.8284203282930866,0.8882,0.8882037570210108,0.9125,0.9124826612119454,0.9548,0.9548019526712427,,,,,,,,
1,MLP,MNISTbinary,Neuronal (official),1737.0,0.6128,0.5668363500579706,0.7984,0.7972779824957624,0.8162,0.8161977056176392,0.85,0.8500068647424905,0.8891,0.8891036236335361,0.9289,0.9289031192094339,0.9519,0.9518994779895871,,,,,,,,
2,MLP,MNISTbinary,Neuronal (official),1670.0,0.6518,0.6417298135396517,0.7966,0.7959429037602562,0.8112,0.8109569592330752,0.8609,0.8609073825957887,0.8963,0.8962503310120912,0.9316,0.9315982051794052,0.9508,0.9508014642004339,,,,,,,,
3,MLP,MNISTbinary,Neuronal (official),1692.0,0.612,0.5888102271717677,0.7451,0.7440099801654847,0.7679,0.7670494605384262,0.8429,0.8427080238000911,0.9026,0.9026008300153642,0.9361,0.9360873377307806,0.9556,0.9555968607219354,,,,,,,,
4,MLP,MNISTbinary,Neuronal (official),1721.0,0.5282,0.4108598384731109,0.756,0.7517578310776312,0.7656,0.761079723588447,0.8334,0.8333463829300758,0.8913,0.8911624568442108,0.9202,0.9201957373294154,0.9489,0.9488773667524387,,,,,,,,
5,MLP,MNISTbinary,Neuronal (official),1690.0,0.6709,0.6686709970183998,0.7946,0.7944430352937407,0.8023,0.8016406391320361,0.8446,0.8442029601758575,0.8771,0.8770628031663222,0.9249,0.9249036434580954,0.9496,0.9496022438475815,,,,,,,,
6,MLP,MNISTbinary,Neuronal (official),1730.0,0.6335,0.6333890753495285,0.7562,0.7536666111672785,0.7783,0.7772411994518432,0.8469,0.8469050025094174,0.8981,0.8981010059529936,0.9208,0.9207950974800894,0.9495,0.9495002197211965,,,,,,,,
7,MLP,MNISTbinary,Neuronal (official),1775.0,0.5258,0.4451411665454546,0.7286,0.7241314301236842,0.7541,0.7533922193131779,0.8354,0.8350692689844136,0.9069,0.9068973885374529,0.9273,0.9272962682776162,0.9559,0.9559015997259867,,,,,,,,
8,MLP,MNISTbinary,Neuronal (official),1748.0,0.5194,0.5164962442730276,0.7763,0.7758961878003897,0.8025,0.8019132708590525,0.8405,0.8404770229935622,0.9067,0.9066578663761123,0.9297,0.9296925079141223,0.9502,0.950195792814549,,,,,,,,
9,MLP,MNISTbinary,Neuronal (official),1701.0,0.5482,0.4445735084810359,0.7868,0.7843103710572319,0.8083,0.8078354666698851,0.8461,0.8461053111336667,0.8949,0.894899195796744,0.9301,0.9301035197826605,0.9473,0.9472836488824276,,,,,,,,
10,MLP,MNISTbinary,Neuronal (official),1772.0,0.5305,0.4748809490617301,0.7636,0.7584671704260196,0.7873,0.7862420153351585,0.8347,0.8338539692573893,0.8769,0.8768327817790661,0.9213,0.9213022629785904,0.952,0.9519934844316431,,,,,,,,
11,MLP,MNISTbinary,Neuronal (official),1698.0,0.59,0.5883133388570093,0.8028,0.800557754211793,0.8255,0.8252966490211271,0.8629,0.8629042164629085,0.8942,0.8941780152113522,0.9266,0.9265934473178326,0.9515,0.9514943303923475,,,,,,,,
12,MLP,MNISTbinary,Neuronal (official),1824.0,0.4939,0.44373906846825967,0.6643,0.634526451095849,0.7264,0.7239829753389555,0.8134,0.8119653468553697,0.8845,0.8842623129823284,0.9208,0.9207835425778743,0.9477,0.9477022235371784,,,,,,,,
13,MLP,MNISTbinary,Neuronal (official),1610.0,0.6258,0.5895268241821947,0.7734,0.7720974372076014,0.7957,0.7954762467342691,0.857,0.8569972543960462,0.9022,0.902204225452857,0.9322,0.9322011064975934,0.9516,0.9516015352583785,,,,,,,,
14,MLP,MNISTbinary,Neuronal (official),1746.0,0.5068,0.4946253981269838,0.7513,0.751030717834874,0.7666,0.7665835030497841,0.842,0.8420055932503394,0.89,0.8899785616873127,0.9199,0.9198769692133767,0.9511,0.9511026539221346,,,,,,,,
15,MLP,MNISTbinary,Neuronal (official),1720.0,0.5985,0.5982399378917422,0.7794,0.7780108722178991,0.795,0.7940523051829503,0.8403,0.8402348694493128,0.9078,0.9077814442996205,0.9263,0.9262793407737876,0.9507,0.9506811498380939,,,,,,,,
16,MLP,MNISTbinary,Neuronal (official),1684.0,0.5754,0.5060124629735607,0.8019,0.8008477367311224,0.8205,0.8203535480163868,0.8632,0.8631954035016141,0.9084,0.9083988565537309,0.9385,0.9384997214049748,0.9518,0.9517997068762767,,,,,,,,
17,MLP,MNISTbinary,Neuronal (official),1730.0,0.628,0.6163198121066933,0.7714,0.770162003675726,0.7839,0.7812547324091887,0.8551,0.855096456253462,0.893,0.8928344834155949,0.9317,0.931682331269523,0.9522,0.9522005354649511,,,,,,,,
18,MLP,MNISTbinary,Neuronal (official),1799.0,0.4833,0.34086050538121987,0.7301,0.7203085110143463,0.7664,0.7664054662577106,0.8177,0.8171183412356124,0.887,0.8868989362215176,0.9178,0.9178040279006975,0.9499,0.9499022622644149,,,,,,,,
19,MLP,MNISTbinary,Neuronal (official),1684.0,0.471,0.38962470607257266,0.7465,0.7385688204246333,0.7862,0.7843519417169155,0.8497,0.8496237346563971,0.891,0.8906478687800782,0.9226,0.9226023037782288,0.9504,0.9503924274412171,,,,,,,,
20,MLP,MNISTbinary,Neuronal (official),1680.0,0.5536,0.5058538952844029,0.7806,0.7780088190035189,0.7968,0.7964238738558992,0.8476,0.8474691655595016,0.8976,0.8975753110368719,0.9304,0.9304029096320655,0.9559,0.9559022206354122,,,,,,,,
21,MLP,MNISTbinary,Neuronal (official),1664.0,0.5419,0.4486782595625553,0.7714,0.7708753754279475,0.7896,0.7894861426228659,0.8493,0.8493046347261876,0.8875,0.8874824989813364,0.9296,0.9296038440283574,0.9539,0.9539024466180388,,,,,,,,
22,MLP,MNISTbinary,Neuronal (official),1721.0,0.5987,0.533813669750949,0.6392,0.638952526871069,0.6844,0.6806586351644466,0.7835,0.7832323263162871,0.8904,0.8904017886745758,0.9261,0.9261026807199638,0.9483,0.9482952598925741,,,,,,,,
23,MLP,MNISTbinary,Neuronal (official),1788.0,0.5883,0.5161517125695414,0.6531,0.6187178084403068,0.7171,0.7077145137250118,0.8219,0.8217119479406442,0.892,0.8918274937455899,0.9286,0.9285882646243375,0.9512,0.9512023914296729,,,,,,,,
24,MLP,MNISTbinary,Neuronal (official),1720.0,0.4882,0.3273585519783239,0.7005,0.6904116376185017,0.7422,0.7412266365230609,0.8302,0.8302079671845857,0.8966,0.8965912645988826,0.9223,0.9222764965266655,0.9478,0.9477972116365351,,,,,,,,
0,MLP,MNISTbinary,Neuronal (tuned),1351.0,0.6447,0.6441127496970794,0.7669,0.7665142533455169,0.7872,0.7871426687401645,0.8595,0.8594797516151841,0.8949,0.8949013150550817,0.9503,0.950298784512057,,,,,,,,,,
1,MLP,MNISTbinary,Neuronal (tuned),1531.0,0.6669,0.6538664692107526,0.7276,0.7192286829268293,0.7839,0.7817035982007281,0.8493,0.848865538824218,0.8841,0.8836969925572179,0.9423,0.9422983810742475,0.9579,0.9579016652676381,,,,,,,,
2,MLP,MNISTbinary,Neuronal (tuned),1452.0,0.5022,0.35988209505439867,0.6608,0.641871112893059,0.6774,0.6566103419390008,0.8624,0.8623359898113434,0.9144,0.9144036979791678,0.9465,0.9465027751351643,,,,,,,,,,
3,MLP,MNISTbinary,Neuronal (tuned),5186.0,,,,,,,,,,,,,,,,,,,,,,
4,MLP,MNISTbinary,Neuronal (tuned),1447.0,0.6908,0.6873088194745791,0.7025,0.6990175000044196,0.7493,0.7492794096282841,0.8633,0.8632771356388798,0.8962,0.8962054810644535,0.9439,0.9439008454280229,,,,,,,,,,
5,MLP,MNISTbinary,Neuronal (tuned),1365.0,0.6408,0.6242359591610684,0.7347,0.7336072506922295,0.7707,0.7700984823185654,0.8635,0.8635064797981388,0.9117,0.9117046862553756,0.9447,0.9447028686485526,,,,,,,,,,
6,MLP,MNISTbinary,Neuronal (tuned),1338.0,0.6587,0.6425885753894054,0.7776,0.7771408961776689,0.8119,0.8114737975047641,0.8799,0.8797318902858642,0.9207,0.9206894582325971,0.9458,0.945796878048031,,,,,,,,,,
7,MLP,MNISTbinary,Neuronal (tuned),1483.0,0.5368,0.4844781707317073,0.6325,0.5987557099627742,0.7404,0.7380130473674357,0.8559,0.8558677000733793,0.9098,0.9097862348055054,0.9413,0.9412931406821406,0.9565,0.9564924631781417,,,,,,,,
8,MLP,MNISTbinary,Neuronal (tuned),1467.0,0.6736,0.6580043828015739,0.7552,0.7525822012817717,0.8056,0.8054089661545437,0.8649,0.8648222593696381,0.8994,0.8994029943164061,0.9406,0.9405909312501674,0.9611,0.9610991856119024,,,,,,,,
9,MLP,MNISTbinary,Neuronal (tuned),1379.0,0.567,0.4855388221753958,0.7866,0.7866079214891161,0.8156,0.8153350912472237,0.8717,0.8716209337245673,0.9024,0.9023453001110616,0.9428,0.9427850074024006,,,,,,,,,,
10,MLP,MNISTbinary,Neuronal (tuned),1392.0,0.651,0.6269751899433054,0.7893,0.7892933126239576,0.8252,0.8252048462253868,0.872,0.8719282097249714,0.901,0.9010011088007097,0.9424,0.9423918608485943,,,,,,,,,,
11,MLP,MNISTbinary,Neuronal (tuned),1366.0,0.6123,0.6093122964986568,0.8074,0.8062724990734624,0.8198,0.8190159046508576,0.8655,0.8651713799199774,0.9118,0.9118018631086281,0.9404,0.9403808298795026,,,,,,,,,,
12,MLP,MNISTbinary,Neuronal (tuned),1483.0,0.5451,0.4883598399704946,0.6897,0.6895213111849391,0.7576,0.756120095857583,0.8548,0.8545536555928746,0.885,0.884913432051054,0.9399,0.9399004298028903,,,,,,,,,,
13,MLP,MNISTbinary,Neuronal (tuned),1413.0,0.4886,0.48339170257888,0.7229,0.7225493725071832,0.7717,0.7716733222782408,0.8681,0.868007360633325,0.9097,0.9096998654231225,0.9461,0.9460922321142949,,,,,,,,,,
14,MLP,MNISTbinary,Neuronal (tuned),1375.0,0.5732,0.49007070849861756,0.7611,0.7564586152597018,0.8005,0.8002417177551073,0.8666,0.8665833444741533,0.9128,0.9128007430938374,0.9445,0.9444935146142898,0.9588,0.95880215071235,,,,,,,,
15,MLP,MNISTbinary,Neuronal (tuned),1575.0,0.4686,0.4293639652507275,0.6405,0.6221194164176359,0.7096,0.707997712469585,0.8246,0.8233132569190933,0.8886,0.8885199066491346,0.9356,0.9356026922457616,0.9585,0.9584965903611297,,,,,,,,
16,MLP,MNISTbinary,Neuronal (tuned),1343.0,0.7344,0.7341689651425604,0.7205,0.719681986235279,0.7706,0.7703409102835969,0.8694,0.8694041426600044,0.9061,0.9060059008055665,0.944,0.9439840966140702,,,,,,,,,,
17,MLP,MNISTbinary,Neuronal (tuned),1387.0,0.6387,0.6386307231785198,0.757,0.7568912824544708,0.7825,0.7825032783403117,0.8609,0.8606700914237652,0.913,0.9130042631065777,0.9462,0.9462017067900386,,,,,,,,,,
18,MLP,MNISTbinary,Neuronal (tuned),5111.0,0.4909,0.32439109262861365,,,,,,,,,,,,,,,,,,,,
19,MLP,MNISTbinary,Neuronal (tuned),1374.0,0.5799,0.5577452857822502,0.7492,0.7491573013417255,0.7578,0.7569736878202737,0.8692,0.86908938611085,0.8982,0.8981747380628982,0.9482,0.9481982595130382,,,,,,,,,,
20,MLP,MNISTbinary,Neuronal (tuned),1422.0,0.6127,0.5546606640027169,0.6684,0.6449500674188222,0.7392,0.7329986451546141,0.864,0.8638249282611136,0.8983,0.8982483953064244,0.9461,0.9460947950129966,0.9574,0.9573919650997333,,,,,,,,
21,MLP,MNISTbinary,Neuronal (tuned),1528.0,0.5049,0.35782166067921684,0.5834,0.5206642172510358,0.6932,0.6852989829799061,0.8202,0.8200162912944917,0.8975,0.8974187766277262,0.9419,0.9419017868453317,0.9569,0.956901408087265,,,,,,,,
22,MLP,MNISTbinary,Neuronal (tuned),1437.0,0.5419,0.4486782595625553,0.7592,0.7581714560090724,0.7965,0.7964444686672177,0.8567,0.8567072153576794,0.9003,0.9003004337862036,0.9445,0.9444959509690943,,,,,,,,,,
23,MLP,MNISTbinary,Neuronal (tuned),1357.0,0.507,0.36380139773963344,0.7242,0.7120529495583813,0.7668,0.7634684561914254,0.8529,0.8517400052014363,0.9133,0.9132631338557837,0.9437,0.9437028799940909,,,,,,,,,,
24,MLP,MNISTbinary,Neuronal (tuned),1474.0,0.6479,0.6277984815089752,0.6636,0.642315155853955,0.7137,0.7018368497097975,0.844,0.8436266418570249,0.886,0.886003830951657,0.9397,0.9396938777285192,0.9583,0.9583000613122491,,,,,,,,
0,MLP,MNISTbinary,Margin,2059.0,0.4926,0.3251437223636607,0.4926,0.3251437223636607,0.4926,0.3251437223636607,,,,,,,,,,,,,,,,
1,MLP,MNISTbinary,Margin,2114.0,0.4926,0.3251437223636607,0.4926,0.3251437223636607,0.4926,0.3251437223636607,,,,,,,,,,,,,,,,
2,MLP,MNISTbinary,Margin,1998.0,0.4926,0.3251437223636607,0.4926,0.3251437223636607,0.4926,0.3251437223636607,,,,,,,,,,,,,,,,
3,MLP,MNISTbinary,Margin,5095.0,,,,,,,,,,,,,,,,,,,,,,
4,MLP,MNISTbinary,Margin,2116.0,0.4926,0.3251437223636607,0.4926,0.3251437223636607,0.4926,0.3251437223636607,,,,,,,,,,,,,,,,
5,MLP,MNISTbinary,Margin,5077.0,,,,,,,,,,,,,,,,,,,,,,
6,MLP,MNISTbinary,Margin,2552.0,0.4926,0.3251437223636607,0.4926,0.3251437223636607,0.4926,0.3251437223636607,,,,,,,,,,,,,,,,
7,MLP,MNISTbinary,Margin,2158.0,0.4926,0.3251437223636607,0.4926,0.3251437223636607,,,,,,,,,,,,,,,,,,
8,MLP,MNISTbinary,Margin,5182.0,,,,,,,,,,,,,,,,,,,,,,
9,MLP,MNISTbinary,Margin,2252.0,0.4926,0.3251437223636607,0.4926,0.3251437223636607,0.4926,0.3251437223636607,,,,,,,,,,,,,,,,
10,MLP,MNISTbinary,Margin,5016.0,,,,,,,,,,,,,,,,,,,,,,
11,MLP,MNISTbinary,Margin,1842.0,0.4926,0.3251437223636607,0.4926,0.3251437223636607,0.4926,0.3251437223636607,,,,,,,,,,,,,,,,
12,MLP,MNISTbinary,Margin,2037.0,0.4926,0.3251437223636607,0.4926,0.3251437223636607,0.4926,0.3251437223636607,,,,,,,,,,,,,,,,
13,MLP,MNISTbinary,Margin,1975.0,0.4926,0.3251437223636607,0.4926,0.3251437223636607,0.4926,0.3251437223636607,,,,,,,,,,,,,,,,
14,MLP,MNISTbinary,Margin,2178.0,0.4926,0.3251437223636607,0.4926,0.3251437223636607,0.4926,0.3251437223636607,,,,,,,,,,,,,,,,
15,MLP,MNISTbinary,Margin,3501.0,0.4926,0.3251437223636607,0.4926,0.3251437223636607,0.4926,0.3251437223636607,,,,,,,,,,,,,,,,
16,MLP,MNISTbinary,Margin,2104.0,0.4926,0.3251437223636607,0.4926,0.3251437223636607,0.4926,0.3251437223636607,,,,,,,,,,,,,,,,
17,MLP,MNISTbinary,Margin,5036.0,,,,,,,,,,,,,,,,,,,,,,
18,MLP,MNISTbinary,Margin,2047.0,0.4926,0.3251437223636607,0.4926,0.3251437223636607,0.4926,0.3251437223636607,,,,,,,,,,,,,,,,
19,MLP,MNISTbinary,Margin,5115.0,0.4926,0.3251437223636607,,,,,,,,,,,,,,,,,,,,
20,MLP,MNISTbinary,Margin,4981.0,,,,,,,,,,,,,,,,,,,,,,
21,MLP,MNISTbinary,Margin,5062.0,,,,,,,,,,,,,,,,,,,,,,
22,MLP,MNISTbinary,Margin,1923.0,0.4926,0.3251437223636607,0.4926,0.3251437223636607,0.4926,0.3251437223636607,,,,,,,,,,,,,,,,
23,MLP,MNISTbinary,Margin,5077.0,,,,,,,,,,,,,,,,,,,,,,
24,MLP,MNISTbinary,Margin,1921.0,0.4926,0.3251437223636607,0.4926,0.3251437223636607,0.4926,0.3251437223636607,,,,,,,,,,,,,,,,
0,MLP,MNISTbinary,Cesa,4656.0,,,,,,,,,,,,,,,,,,,,,,
1,MLP,MNISTbinary,Cesa,4718.0,,,,,,,,,,,,,,,,,,,,,,
2,MLP,MNISTbinary,Cesa,3687.0,,,,,,,,,,,,,,,,,,,,,,
3,MLP,MNISTbinary,Cesa,5093.0,,,,,,,,,,,,,,,,,,,,,,
4,MLP,MNISTbinary,Cesa,4637.0,,,,,,,,,,,,,,,,,,,,,,
5,MLP,MNISTbinary,Cesa,5084.0,,,,,,,,,,,,,,,,,,,,,,
6,MLP,MNISTbinary,Cesa,5088.0,,,,,,,,,,,,,,,,,,,,,,
7,MLP,MNISTbinary,Cesa,5182.0,,,,,,,,,,,,,,,,,,,,,,
8,MLP,MNISTbinary,Cesa,3963.0,,,,,,,,,,,,,,,,,,,,,,
9,MLP,MNISTbinary,Cesa,4858.0,,,,,,,,,,,,,,,,,,,,,,
10,MLP,MNISTbinary,Cesa,4682.0,,,,,,,,,,,,,,,,,,,,,,
11,MLP,MNISTbinary,Cesa,5094.0,,,,,,,,,,,,,,,,,,,,,,
12,MLP,MNISTbinary,Cesa,5074.0,,,,,,,,,,,,,,,,,,,,,,
13,MLP,MNISTbinary,Cesa,5285.0,,,,,,,,,,,,,,,,,,,,,,
14,MLP,MNISTbinary,Cesa,4120.0,,,,,,,,,,,,,,,,,,,,,,
15,MLP,MNISTbinary,Cesa,5102.0,,,,,,,,,,,,,,,,,,,,,,
16,MLP,MNISTbinary,Cesa,3663.0,,,,,,,,,,,,,,,,,,,,,,
17,MLP,MNISTbinary,Cesa,4348.0,,,,,,,,,,,,,,,,,,,,,,
18,MLP,MNISTbinary,Cesa,5545.0,,,,,,,,,,,,,,,,,,,,,,
19,MLP,MNISTbinary,Cesa,5054.0,,,,,,,,,,,,,,,,,,,,,,
20,MLP,MNISTbinary,Cesa,5078.0,,,,,,,,,,,,,,,,,,,,,,
21,MLP,MNISTbinary,Cesa,4980.0,,,,,,,,,,,,,,,,,,,,,,
22,MLP,MNISTbinary,Cesa,4783.0,,,,,,,,,,,,,,,,,,,,,,
23,MLP,MNISTbinary,Cesa,5023.0,,,,,,,,,,,,,,,,,,,,,,
24,MLP,MNISTbinary,Cesa,4220.0,,,,,,,,,,,,,,,,,,,,,,
0,MLP,MagicTelescope,Neural-CBP,2763.0,0.6968103750438135,0.6499555019272508,0.711882229232387,0.6822993109576142,0.7287066246056783,0.7053335747926909,0.7535927094286716,0.7305301182220915,,,,,,,,,,,,,,
1,MLP,MagicTelescope,Neural-CBP,6456.0,,,,,,,,,,,,,,,,,,,,,,
2,MLP,MagicTelescope,Neural-CBP,2598.0,0.676130389064143,0.577481835678417,0.7178408692604277,0.6778530351648641,0.7395723799509288,0.7102798903028709,0.7732211706975114,0.756931185648179,0.7833859095688749,0.7807585504796068,,,,,,,,,,,,
3,MLP,MagicTelescope,Neural-CBP,2687.0,0.6000701016473887,0.6090445076012605,0.7332632316859446,0.7328511993590282,0.7525411847178408,0.7533717284119229,0.773571678934455,0.7714096209246881,0.7967052225727305,0.7956496736588718,,,,,,,,,,,,
4,MLP,MagicTelescope,Neural-CBP,2797.0,0.5534525061338942,0.5271597167801806,0.6645636172450052,0.6304980342084457,0.7195934104451455,0.7104593426794866,0.7413249211356467,0.7320705338910163,0.7875920084121977,0.7823506571111295,,,,,,,,,,,,
5,MLP,MagicTelescope,Neural-CBP,3480.0,,,,,,,,,,,,,,,,,,,,,,
6,MLP,MagicTelescope,Neural-CBP,3111.0,0.46407290571328424,0.4755159896722024,0.6694707325622152,0.6740733028003859,0.6901507185418857,0.69408864925603,0.729758149316509,0.735725564144976,0.7721696459866807,0.7754455352321769,,,,,,,,,,,,
7,MLP,MagicTelescope,Neural-CBP,2733.0,0.6617595513494567,0.5684941924455706,0.7199439186820891,0.6796122798914223,0.7339642481598317,0.7007339339951455,0.781633368384157,0.7669717288948171,,,,,,,,,,,,,,
8,MLP,MagicTelescope,Neural-CBP,6477.0,,,,,,,,,,,,,,,,,,,,,,
9,MLP,MagicTelescope,Neural-CBP,3580.0,,,,,,,,,,,,,,,,,,,,,,
10,MLP,MagicTelescope,Neural-CBP,2621.0,0.5958640028040659,0.5525157958885217,0.7059235892043463,0.672570983609613,0.750788643533123,0.7327812850157783,0.7763757448300035,0.7623693974137293,0.7963547143357869,0.7848458034874746,,,,,,,,,,,,
11,MLP,MagicTelescope,Neural-CBP,2663.0,0.69645986680687,0.6536523623458848,0.7048720644935156,0.6931518582455168,0.7259025587101297,0.7144550352787492,0.7504381352961794,0.7460425924635937,0.7826848930949877,0.777885431318725,0.7963547143357869,0.7898921125892276,,,,,,,,,,
12,MLP,MagicTelescope,Neural-CBP,3486.0,,,,,,,,,,,,,,,,,,,,,,
13,MLP,MagicTelescope,Neural-CBP,6501.0,,,,,,,,,,,,,,,,,,,,,,
14,MLP,MagicTelescope,Neural-CBP,2999.0,0.6540483701366983,0.5227730969614555,0.7017174903610235,0.6316068207607332,0.7301086575534526,0.6918679943935844,0.7655099894847529,0.742256837576071,,,,,,,,,,,,,,
15,MLP,MagicTelescope,Neural-CBP,3002.0,0.6733263231685944,0.5863064121038184,0.6957588503329828,0.6574805366368323,0.7062740974412899,0.673542104764365,0.7255520504731862,0.698715886264873,,,,,,,,,,,,,,
16,MLP,MagicTelescope,Neural-CBP,3501.0,,,,,,,,,,,,,,,,,,,,,,
17,MLP,MagicTelescope,Neural-CBP,3501.0,,,,,,,,,,,,,,,,,,,,,,
18,MLP,MagicTelescope,Neural-CBP,2767.0,0.7150368033648791,0.6631680028144445,0.7266035751840169,0.6995697190361818,0.7283561163687347,0.69910526320426,0.7651594812478093,0.7491031200005979,,,,,,,,,,,,,,
19,MLP,MagicTelescope,Neural-CBP,2517.0,0.6926042762004907,0.651253813387441,0.755695758850333,0.7434954653985435,0.7620049071153172,0.7527441952269198,0.7760252365930599,0.7701589096335447,,,,,,,,,,,,,,
20,MLP,MagicTelescope,Neural-CBP,2957.0,0.6898002103049422,0.687466983872046,0.6919032597266036,0.6883191742288679,0.7101296880476691,0.7097339030460349,0.7343147563967753,0.7340519957804519,0.7588503329828251,0.7601233640641971,,,,,,,,,,,,
21,MLP,MagicTelescope,Neural-CBP,2791.0,0.6649141254819488,0.5545061805620609,0.7020679985979671,0.6847986321369518,0.732912723449001,0.7060661704491433,0.7406239046617595,0.7159028771506273,0.7942516649141255,0.787233681487079,,,,,,,,,,,,
22,MLP,MagicTelescope,Neural-CBP,3190.0,0.6039256922537679,0.5467472602300556,0.6309148264984227,0.5934116913868634,0.6494917630564319,0.623828261020737,0.6905012267788293,0.66044954840914,0.77111812127585,0.7624116643274307,0.7991587802313355,0.7942990370319754,,,,,,,,,,
23,MLP,MagicTelescope,Neural-CBP,3455.0,0.4868559411146162,0.4890482672987907,0.5629162285313705,0.573766346631483,0.5913073957237995,0.601477019442541,0.6901507185418857,0.6949009843337656,0.7465825446898002,0.7469740024721402,,,,,,,,,,,,
24,MLP,MagicTelescope,Neural-CBP,2620.0,0.7013669821240799,0.6565820032815047,0.7427269540834209,0.7339049399079933,0.7560462670872765,0.7516331715627617,0.7781282860147214,0.7765956259940391,0.7861899754644234,0.7859710162530194,,,,,,,,,,,,
0,MLP,MagicTelescope,IneurAL (official),6662.0,0.3456011216263582,0.17752680694117698,0.3456011216263582,0.17752680694117698,0.3456011216263582,0.17752680694117698,0.3424465474938661,0.2983495130712464,0.3424465474938661,0.2983495130712464,0.7048720644935156,0.637975952263005,0.7504381352961794,0.7351120806744665,,,,,,,,
1,MLP,MagicTelescope,IneurAL (official),9019.0,0.6603575184016824,0.655107662267174,0.7315106905012267,0.7281102169257216,0.7339642481598317,0.7267189639663961,0.7546442341395023,0.7403495523729947,0.7802313354363828,0.7767681431280006,0.7847879425166492,0.7781869075772126,0.7847879425166492,0.7781869075772126,0.781633368384157,0.7808532321324059,0.7946021731510691,0.7920596054112798,0.7942516649141255,0.7864776134875622,,
2,MLP,MagicTelescope,IneurAL (official),9066.0,0.6572029442691903,0.6625668778470687,0.7139852786540484,0.7102271567920124,0.730459165790396,0.7182448310057662,0.7875920084121977,0.7818572531290661,0.784086926042762,0.7826876179595665,0.7826848930949877,0.7815441220035009,0.7826848930949877,0.7815441220035009,0.8121275849982474,0.8092798807943186,0.8086225026288117,0.8050879753552713,0.8159831756046267,0.8074872733296508,,
3,MLP,MagicTelescope,IneurAL (official),8893.0,0.6841920785138451,0.6468854975296494,0.6810375043813529,0.6570520836923881,0.7055730809674028,0.6834326926391275,0.7276550998948476,0.7229149866373841,0.750788643533123,0.7458707486596214,0.7690150718541886,0.7667782888763001,0.7690150718541886,0.7667782888763001,0.799509288468279,0.7889271972394007,0.8030143708377147,0.800307989860983,0.791447599018577,0.7930187419751155,,
4,MLP,MagicTelescope,IneurAL (official),9341.0,0.5390816684192079,0.548445287634713,0.5383806519453207,0.5477173291611039,0.609533824044865,0.61134721347881,0.724851033999299,0.724761429836722,0.7767262530669471,0.7763058333331851,0.7882930248860848,0.7880136439844813,0.7882930248860848,0.7880136439844813,0.7774272695408342,0.779939218482814,0.7399228881878724,0.7448241297768878,0.7981072555205048,0.7916525207381664,0.8040658955485454,0.7976187740698183
5,MLP,MagicTelescope,IneurAL (official),9223.0,0.6239046617595514,0.6323857518998698,0.709428671573782,0.710678126766407,0.7216964598668069,0.7279584514931944,0.7234490010515248,0.7303466099191445,0.7763757448300035,0.7780673073658904,0.8009113214160533,0.7994420395897585,0.8009113214160533,0.7994420395897585,0.7858394672274799,0.789271741362102,0.7921486154924641,0.79232485401432,0.8117770767613038,0.8064423193276896,0.7245005257623555,0.730928099358494
6,MLP,MagicTelescope,IneurAL (official),9397.0,0.6715737819838766,0.6083326204946926,0.6789344549596915,0.6211517120477976,0.6852436032246758,0.6548928247448332,0.7374693305292674,0.7325311034896305,0.7784787942516649,0.7772417309250087,0.7910970907816334,0.7857239587918231,0.7942516649141255,0.7877492649954144,0.8026638626007712,0.7968354856384946,0.7847879425166492,0.7867181285530084,0.7960042060988434,0.7954784104304673,0.8107255520504731,0.8039644152331575
7,MLP,MagicTelescope,IneurAL (official),9102.0,0.6954083420960393,0.647769027223189,0.7220469681037505,0.7214002611549861,0.7346652646337188,0.7274094127202771,0.7721696459866807,0.7670450640304407,0.7732211706975114,0.772108485538476,0.7812828601472135,0.7811778985527994,0.7812828601472135,0.7811778985527994,0.7981072555205048,0.7859432646210185,0.8005608131791097,0.8026408312858427,0.8145811426568524,0.8145589886902151,,
8,MLP,MagicTelescope,IneurAL (official),8942.0,0.6326673676831406,0.6412741758607123,0.706975113915177,0.7066604724791408,0.7308096740273397,0.7276404359250882,0.7462320364528566,0.7466302000274065,0.7896950578338591,0.7832222614999749,0.7784787942516649,0.7750607944306674,0.7784787942516649,0.7750607944306674,0.8023133543638276,0.7951481763468957,0.7486855941114616,0.7547468655530237,0.7921486154924641,0.7847493479841559,,
9,MLP,MagicTelescope,IneurAL (official),9257.0,0.34104451454609186,0.17346383306500127,0.30879775674728355,0.22089617617387397,0.68664563617245,0.5845853081543018,0.724851033999299,0.6751929811036459,0.724851033999299,0.6751929811036459,0.6659656501927795,0.6726177784651102,0.6659656501927795,0.6726177784651102,0.7858394672274799,0.7839588568637019,0.7644584647739222,0.7670830237601259,0.8114265685243603,0.8100165505531589,,
10,MLP,MagicTelescope,IneurAL (official),9349.0,0.6715737819838766,0.6525158119471873,0.6715737819838766,0.6525158119471873,0.7024185068349106,0.6568641161855159,0.7462320364528566,0.733126272501716,0.7725201542236243,0.7723912703715874,0.7767262530669471,0.778532841239021,0.7847879425166492,0.7862788671537199,0.7956536978618998,0.7939082543658572,0.7742726954083421,0.7771505430633702,0.7960042060988434,0.7960042060988434,0.8089730108657553,0.8057294551108627
11,MLP,MagicTelescope,IneurAL (official),9221.0,0.34735366281107605,0.18458057364020172,0.6203995793901157,0.6030904413180616,0.6680686996144409,0.6117183938471251,0.729758149316509,0.7286404464028751,0.7739221871713985,0.7732088282361752,0.7868909919383106,0.7815497254302213,0.7868909919383106,0.7815497254302213,0.7956536978618998,0.7919268078032031,0.7900455660708027,0.7730873711234271,0.805117420259376,0.8017169592849885,,
12,MLP,MagicTelescope,IneurAL (official),8994.0,0.6519453207150369,0.6540474625036885,0.6848930949877322,0.6780161499778519,0.7087276550998949,0.7052416100945044,0.7434279705573081,0.7420301127103505,0.7868909919383106,0.7886352381978771,0.8173852085524009,0.8146857764178966,0.8173852085524009,0.8146857764178966,0.8103750438135296,0.8102107264515708,0.807570977917981,0.8087331892391992,0.8296529968454258,0.8241840661579909,,
13,MLP,MagicTelescope,IneurAL (official),8986.0,0.6954083420960393,0.6207026937923216,0.6715737819838766,0.6313185840239135,0.6670171749036102,0.6486365440098353,0.7542937259025587,0.7460752131195735,0.7434279705573081,0.7439170154672718,0.7592008412197687,0.7589621689157655,0.7648089730108657,0.7629262208783356,0.801962846126884,0.7952636303682592,0.8103750438135296,0.8078701462405498,0.8208902909218366,0.8175015781875823,,
14,MLP,MagicTelescope,IneurAL (official),9096.0,0.4220119172800561,0.4152790631620316,0.5492464072905713,0.5574337119215805,0.6855941114616193,0.6857722452293807,0.727304591657904,0.7211385241218676,0.76621100595864,0.7567243488538232,0.7641079565369786,0.7584091249986021,0.7577988082719944,0.7586185733011507,0.7882930248860848,0.7842104186788956,0.7956536978618998,0.7936582045937284,0.7953031896249562,0.782927500113432,,
15,MLP,MagicTelescope,IneurAL (official),9090.0,0.562565720294427,0.53497059268221,0.6007711181212758,0.6015993023795257,0.6596565019277953,0.6561026385337424,0.7111812127584998,0.7134350234877428,0.7777777777777778,0.7749825746903799,0.7844374342797056,0.780986487170383,0.7882930248860848,0.7865749985701491,0.7984577637574483,0.7866928164220035,0.807570977917981,0.8026595739421442,0.7570977917981072,0.7622073793383287,,
16,MLP,MagicTelescope,IneurAL (official),8971.0,0.6873466526463372,0.6741129052307198,0.7192429022082019,0.7131517717453726,0.7371188222923238,0.732423926919739,0.77111812127585,0.766993213637381,0.7784787942516649,0.778214483154002,0.7784787942516649,0.778214483154002,0.8005608131791097,0.7930023141612191,0.7542937259025587,0.7590485048334772,0.7893445495969156,0.7801999292531651,0.807570977917981,0.8019459452849617,,
17,MLP,MagicTelescope,IneurAL (official),8587.0,0.573080967402734,0.5776261099516548,0.6211005958640028,0.6211410139075714,0.6417805818436734,0.6404981408157573,0.709428671573782,0.707938610971725,0.7669120224325272,0.7504994043482918,0.7833859095688749,0.7730577126344081,0.76621100595864,0.7651807506220115,0.7970557308096741,0.7949228884989927,0.7809323519102699,0.7808144819764529,0.7844374342797056,0.7843680463821141,,
18,MLP,MagicTelescope,IneurAL (official),9087.0,0.6782334384858044,0.6848033222924316,0.7139852786540484,0.7169914606536858,0.7360672975814931,0.735915638820819,0.7528916929547844,0.7457735982265167,0.7907465825446898,0.7874086689622163,0.7763757448300035,0.7757424076538942,0.7900455660708027,0.7901645205043467,0.809323519102699,0.8009795278965015,0.7714686295127936,0.7747447572710027,0.7960042060988434,0.7974387471858025,,
19,MLP,MagicTelescope,IneurAL (official),8975.0,0.6484402383456012,0.6371904138463117,0.714335786890992,0.7012492254094305,0.7174903610234841,0.7136160501487656,0.7486855941114616,0.7460684044751569,0.7462320364528566,0.749586105316216,0.7704171048019628,0.7624541880547,0.7704171048019628,0.7624541880547,0.7907465825446898,0.7915255509371145,0.8079214861549247,0.7988272953447564,0.7903960743077463,0.7909833737389802,,
20,MLP,MagicTelescope,IneurAL (official),8761.0,0.3764458464773922,0.3845464874185154,0.6133894146512443,0.6216537132404707,0.6912022432527164,0.6689254073986657,0.7479845776375745,0.7412230458606992,0.7781282860147214,0.7758185435783643,0.7921486154924641,0.7868693005195675,0.781633368384157,0.7794838343629323,0.7886435331230284,0.7893204963421669,0.7896950578338591,0.7775141253916711,0.7946021731510691,0.7813639282542857,,
21,MLP,MagicTelescope,IneurAL (official),9135.0,0.460217315106905,0.460380849445318,0.6841920785138451,0.6808510797231776,0.7150368033648791,0.7102736708374974,0.7588503329828251,0.7507082930863641,0.7728706624605678,0.7657175930250958,0.7620049071153172,0.7600048772394942,0.7620049071153172,0.7600048772394942,0.7809323519102699,0.7815614541654585,0.7339642481598317,0.7396146912829236,0.8110760602874167,0.8045153759260805,,
22,MLP,MagicTelescope,IneurAL (official),8997.0,0.6586049772169646,0.5769954611298617,0.7227479845776376,0.6593612333896464,0.7343147563967753,0.6924797062442481,0.7574483000350508,0.7504021081033837,0.7416754293725902,0.7449935770921599,0.7416754293725902,0.7449935770921599,0.8058184367332633,0.7976429565713177,0.8212407991587802,0.816831037793183,0.8054679284963197,0.8034070870441552,0.8240448650543287,0.8218034680767994,,
23,MLP,MagicTelescope,IneurAL (official),9364.0,0.6684192078513845,0.6518407448360072,0.6684192078513845,0.6518407448360072,0.5429372590255871,0.5332903922765874,0.735366281107606,0.7332085366834533,0.7683140553803014,0.7646215574049998,0.7802313354363828,0.7818082027702098,0.7802313354363828,0.7818082027702098,0.8079214861549247,0.8060779299453441,0.7861899754644234,0.7871340322034731,0.8142306344199088,0.8086751342484232,0.8250963897651595,0.8232056828209593
24,MLP,MagicTelescope,IneurAL (official),9491.0,0.6831405538030144,0.5963358745266262,0.6228531370487207,0.6232583961029818,0.7108307045215563,0.7066644942492718,0.7609533824044865,0.7482812374027336,0.7592008412197687,0.7562177747783343,0.7669120224325272,0.7667323330301118,0.7620049071153172,0.7636621351417993,0.7577988082719944,0.7616738701363215,0.7893445495969156,0.7883464004876563,0.7910970907816334,0.7926062061059006,0.8345601121626358,0.8311315411920206
0,MLP,MagicTelescope,IneurAL (tuned),6505.0,0.37504381352961796,0.20458673488487952,,,,,,,,,,,,,,,,,,,,
1,MLP,MagicTelescope,IneurAL (tuned),5029.0,0.6565019277953031,0.5273312773780873,0.5636172450052577,0.5493984985655055,0.5636172450052577,0.5493984985655055,0.5636172450052577,0.5493984985655055,0.6862951279355065,0.6926615875834713,0.7525411847178408,0.7502664825180412,0.7998597967052226,0.7993098004030557,0.8331580792148615,0.8261985747336348,,,,,,
2,MLP,MagicTelescope,IneurAL (tuned),6108.0,0.6600070101647388,0.5398670864645546,0.7241500175254119,0.6909552437671658,0.7490361023484052,0.7495086362511353,0.7648089730108657,0.7625996526959394,0.7932001402032948,0.7823837182740752,0.7882930248860848,0.7892110816214215,0.8145811426568524,0.8083272317003025,0.7434279705573081,0.7495130373461716,0.8208902909218366,0.8137411604219389,,,,
3,MLP,MagicTelescope,IneurAL (tuned),5698.0,0.6589554854539081,0.5551042645788649,0.6943568173852086,0.6536457184184036,0.7364178058184367,0.7283031426266529,0.7462320364528566,0.7488867852231832,0.7693655800911321,0.7570464721598301,0.7882930248860848,0.7866941297789999,0.7823343848580442,0.7823108934987105,0.8233438485804416,0.8162724499196037,0.8152821591307395,0.8104173010957908,,,,
4,MLP,MagicTelescope,IneurAL (tuned),5710.0,0.6424815983175605,0.5348741138635448,0.3557658604977217,0.2038276906344813,0.6975113915177007,0.6939530365278328,0.7511391517700666,0.7420255063529583,0.7788293024886085,0.7752974120882713,0.7960042060988434,0.7893735039750177,0.7903960743077463,0.7892832799301993,0.7974062390466176,0.7940823323123272,0.8040658955485454,0.7963958539950126,,,,
5,MLP,MagicTelescope,IneurAL (tuned),6222.0,0.5671223273746933,0.5277399039185807,0.5807921486154924,0.5873297393953103,0.6642131090080617,0.6712285662842464,0.7672625306694707,0.7537355858740776,0.7847879425166492,0.7782826782448531,0.8065194532071503,0.8029729354962177,0.8198387662110059,0.8150399161945625,0.8023133543638276,0.8033606296501853,0.8243953732912723,0.8131051103947146,,,,
6,MLP,MagicTelescope,IneurAL (tuned),6124.0,0.6743778478794251,0.6550777382649804,0.7259025587101297,0.7244105580476653,0.7385208552400981,0.739768443408183,0.7577988082719944,0.75803749226286,0.7756747283561164,0.7737544306319828,0.7504381352961794,0.7502706148683647,0.8026638626007712,0.7966900682517166,0.8166841920785138,0.8135554539393662,0.8156326673676831,0.8065585314559421,,,,
7,MLP,MagicTelescope,IneurAL (tuned),5027.0,0.6992639327024185,0.6482600912033007,0.732211706975114,0.6943683619038199,0.7364178058184367,0.7377055104188156,0.7760252365930599,0.7740965906873581,0.8002103049421662,0.7965699742433316,0.8016123378899405,0.7887742336662502,0.8002103049421662,0.7860207698384277,0.786540483701367,0.7876044265299528,,,,,,
8,MLP,MagicTelescope,IneurAL (tuned),7205.0,0.6989134244654749,0.655798764530588,0.6919032597266036,0.6790128388499641,0.7209954433929198,0.7218520858754169,0.7255520504731862,0.7283695643695506,0.7749737118822292,0.7687791396657288,0.7690150718541886,0.7656139360932895,0.7798808271994392,0.7777004821688132,0.8023133543638276,0.7949014262758077,0.77111812127585,0.7752051093527457,,,,
9,MLP,MagicTelescope,IneurAL (tuned),6612.0,0.34104451454609186,0.17346383306500127,0.6901507185418857,0.6937151463241287,0.6901507185418857,0.6937151463241287,0.6901507185418857,0.6937151463241287,0.5692253767963548,0.5366063216075001,0.5692253767963548,0.5366063216075001,0.7339642481598317,0.7272326969615156,,,,,,,,
10,MLP,MagicTelescope,IneurAL (tuned),6487.0,,,,,,,,,,,,,,,,,,,,,,
11,MLP,MagicTelescope,IneurAL (tuned),6459.0,0.35646687697160884,0.18735235859438043,,,,,,,,,,,,,,,,,,,,
12,MLP,MagicTelescope,IneurAL (tuned),5018.0,0.6782334384858044,0.5959865093048448,0.7076761303890642,0.6571441535664321,0.727304591657904,0.6954575726750682,0.7570977917981072,0.7494313312161727,0.7767262530669471,0.7688169021332734,0.7753242201191728,0.7719739854038598,0.7907465825446898,0.7865040645261696,0.7970557308096741,0.7940295437579324,,,,,,
13,MLP,MagicTelescope,IneurAL (tuned),6469.0,0.3491062039957939,0.18067538538831418,,,,,,,,,,,,,,,,,,,,
14,MLP,MagicTelescope,IneurAL (tuned),5297.0,0.6919032597266036,0.6421145318582796,0.6989134244654749,0.666096204198427,0.7294076410795653,0.7052909446729433,0.7749737118822292,0.7693290402304335,0.7907465825446898,0.7862892193342247,0.809323519102699,0.8062323732017908,0.8163336838415702,0.8126257037645639,0.8061689449702067,0.8057245244817333,,,,,,
15,MLP,MagicTelescope,IneurAL (tuned),5539.0,0.6827900455660708,0.6632617482139939,0.7132842621801613,0.6751631621253322,0.7318611987381703,0.7084148727641689,0.7486855941114616,0.7372242034882786,0.7886435331230284,0.778442303358777,0.7900455660708027,0.7856278121436814,0.7861899754644234,0.7783652756173677,0.8040658955485454,0.8032954780418021,,,,,,
16,MLP,MagicTelescope,IneurAL (tuned),3493.0,,,,,,,,,,,,,,,,,,,,,,
17,MLP,MagicTelescope,IneurAL (tuned),5482.0,0.6642131090080617,0.5459997854763928,0.6810375043813529,0.5938734099074139,0.7136347704171048,0.6518048531618913,0.7648089730108657,0.7598236875446714,0.7525411847178408,0.7561824379686481,0.7861899754644234,0.7671985004133666,0.7756747283561164,0.7731081855524364,0.8058184367332633,0.8040667236121244,,,,,,
18,MLP,MagicTelescope,IneurAL (tuned),5820.0,0.5948124780932352,0.6028455656748167,0.6869961444093936,0.5882024265077545,0.7216964598668069,0.702879662795569,0.7700665965650193,0.765281458950302,0.7910970907816334,0.788921428948356,0.810024535576586,0.802443137469742,0.8180862250262881,0.8135502848616343,0.8121275849982474,0.8078858241943969,0.8191377497371188,0.8146612536383002,,,,
19,MLP,MagicTelescope,IneurAL (tuned),5506.0,0.655800911321416,0.5809009468762362,0.7038205397826849,0.6929866748576993,0.7038205397826849,0.6929866748576993,0.7202944269190326,0.7214137578637276,0.748335085874518,0.7376700780344725,0.748335085874518,0.7376700780344725,0.6614090431125131,0.6680211142467304,0.8187872415001752,0.8142604620026904,,,,,,
20,MLP,MagicTelescope,IneurAL (tuned),4997.0,0.6596565019277953,0.5793673970638228,0.36943568173852087,0.3272417491965322,0.6600070101647388,0.5619952188544388,0.7669120224325272,0.7630530640456008,0.7879425166491413,0.7863001727322794,0.8187872415001752,0.8116559279492076,0.8163336838415702,0.8100561603220199,0.812478093235191,0.8104260662903511,,,,,,
21,MLP,MagicTelescope,IneurAL (tuned),6252.0,0.6543988783736417,0.5396630026850019,0.48930949877322116,0.5004044827804892,0.7020679985979671,0.6543167217407436,0.7669120224325272,0.7651911659517122,0.7907465825446898,0.7865661453258461,0.8152821591307395,0.8097006058908672,0.814931650893796,0.8090232615353251,0.8170347003154574,0.8147259899093432,0.8026638626007712,0.8037043995173188,,,,
22,MLP,MagicTelescope,IneurAL (tuned),6075.0,0.5800911321416053,0.5900657169749323,0.660708026638626,0.6677604678313318,0.6645636172450052,0.671054806170667,0.7017174903610235,0.7043045467480711,0.7332632316859446,0.7295515891794861,0.7577988082719944,0.7584336168271074,0.7577988082719944,0.7584336168271074,0.799509288468279,0.796932641675281,0.8110760602874167,0.8022905608559915,,,,
23,MLP,MagicTelescope,IneurAL (tuned),5504.0,0.581142656852436,0.5471116336677276,0.6161934805467929,0.6266015102943072,0.33613739922888186,0.16912684462775326,0.7434279705573081,0.7460556834535753,0.7725201542236243,0.7732825308954542,0.7900455660708027,0.7854832330992174,0.7974062390466176,0.7901013572290488,0.8159831756046267,0.812762667604891,,,,,,
24,MLP,MagicTelescope,IneurAL (tuned),6277.0,0.6708727655099895,0.608234987878548,0.7101296880476691,0.7030101671893267,0.7315106905012267,0.724504017144958,0.6694707325622152,0.6753668304444191,0.788994041359972,0.7884307070542719,0.7910970907816334,0.7896830742217057,0.7960042060988434,0.7945718110692427,0.804416403785489,0.8023230496056671,0.8054679284963197,0.8018862922710731,,,,
0,MLP,MagicTelescope,Neuronal (official),3505.0,,,,,,,,,,,,,,,,,,,,,,
1,MLP,MagicTelescope,Neuronal (official),3498.0,,,,,,,,,,,,,,,,,,,,,,
2,MLP,MagicTelescope,Neuronal (official),3557.0,,,,,,,,,,,,,,,,,,,,,,
3,MLP,MagicTelescope,Neuronal (official),6478.0,,,,,,,,,,,,,,,,,,,,,,
4,MLP,MagicTelescope,Neuronal (official),6416.0,,,,,,,,,,,,,,,,,,,,,,
5,MLP,MagicTelescope,Neuronal (official),3478.0,,,,,,,,,,,,,,,,,,,,,,
6,MLP,MagicTelescope,Neuronal (official),3519.0,,,,,,,,,,,,,,,,,,,,,,
7,MLP,MagicTelescope,Neuronal (official),3437.0,,,,,,,,,,,,,,,,,,,,,,
8,MLP,MagicTelescope,Neuronal (official),3542.0,,,,,,,,,,,,,,,,,,,,,,
9,MLP,MagicTelescope,Neuronal (official),3615.0,0.6565019277953031,0.5246881221332466,,,,,,,,,,,,,,,,,,,,
10,MLP,MagicTelescope,Neuronal (official),3578.0,,,,,,,,,,,,,,,,,,,,,,
11,MLP,MagicTelescope,Neuronal (official),3526.0,,,,,,,,,,,,,,,,,,,,,,
12,MLP,MagicTelescope,Neuronal (official),3544.0,,,,,,,,,,,,,,,,,,,,,,
13,MLP,MagicTelescope,Neuronal (official),3551.0,,,,,,,,,,,,,,,,,,,,,,
14,MLP,MagicTelescope,Neuronal (official),3496.0,,,,,,,,,,,,,,,,,,,,,,
15,MLP,MagicTelescope,Neuronal (official),4109.0,0.6561514195583596,0.6265059281070237,0.7129337539432177,0.7178785944950602,0.7230984928145812,0.72398851753947,0.7381703470031545,0.7401842847334398,0.7392218717139852,0.7410176075719239,0.7427269540834209,0.7438134887372341,0.7462320364528566,0.7475520376981694,,,,,,,,
16,MLP,MagicTelescope,Neuronal (official),4387.0,0.6838415702769015,0.6008225920155329,0.7230984928145812,0.7238441015071716,0.7339642481598317,0.7355865669059003,0.7434279705573081,0.7453612063950396,0.7444794952681388,0.7461373055310121,0.7511391517700666,0.7513676280258235,0.7528916929547844,0.752630338805838,0.7739221871713985,0.7714195243758873,,,,,,
17,MLP,MagicTelescope,Neuronal (official),4635.0,0.6642131090080617,0.6602172369283387,0.6487907465825447,0.6555158933629933,0.6803364879074658,0.6829541739938787,0.722397476340694,0.7224574834485592,0.730459165790396,0.7303711334816197,0.7399228881878724,0.7402553172243763,0.7469330529267437,0.7460739843987324,0.7655099894847529,0.7617328459413624,,,,,,
18,MLP,MagicTelescope,Neuronal (official),4435.0,0.583596214511041,0.581372821968942,0.6291622853137049,0.6115940052802957,0.6519453207150369,0.624112492269443,0.6905012267788293,0.6806724888173085,0.7153873116018227,0.7125894650903964,0.7255520504731862,0.7204082052755438,0.7294076410795653,0.7248642852210904,0.7693655800911321,0.7610534790753406,,,,,,
19,MLP,MagicTelescope,Neuronal (official),4674.0,0.5036803364879074,0.4960598484434262,0.6719242902208202,0.6674962496242605,0.6908517350157729,0.6795063371673623,0.7087276550998949,0.6961977940382477,0.7174903610234841,0.7039372833681887,0.7262530669470733,0.71792817291932,0.735366281107606,0.7289129677749997,0.7669120224325272,0.7613073429027989,,,,,,
20,MLP,MagicTelescope,Neuronal (official),4550.0,0.668769716088328,0.6332982610062322,0.6873466526463372,0.6576232777429163,0.7083771468629513,0.6911816221947059,0.7181913774973712,0.7055867116921336,0.7269540834209604,0.7161754549583798,0.732912723449001,0.7245168653439954,0.7346652646337188,0.7282776695050256,0.7630564318261479,0.7598070098021905,,,,,,
21,MLP,MagicTelescope,Neuronal (official),4741.0,0.6957588503329828,0.6319115520325801,0.7038205397826849,0.6642005640609174,0.7125832457062741,0.6826796007864576,0.7150368033648791,0.6960712638954937,0.7234490010515248,0.7094793967616965,0.7332632316859446,0.7232128421777027,0.7381703470031545,0.7293969305228266,0.788994041359972,0.7792913732717957,,,,,,
22,MLP,MagicTelescope,Neuronal (official),4623.0,0.5481948825797406,0.5496797163985369,0.7199439186820891,0.7081650794941109,0.7237995092884683,0.7146045050289167,0.7332632316859446,0.7272126609645194,0.745881528215913,0.7435948062774209,0.7486855941114616,0.7464889695511835,0.7486855941114616,0.7462274973275831,0.7742726954083421,0.7696927445750221,,,,,,
23,MLP,MagicTelescope,Neuronal (official),4818.0,0.6445846477392219,0.5076416291645499,0.7013669821240799,0.6734388586994261,0.7157378198387662,0.698635564981886,0.732211706975114,0.7251905868627565,0.7360672975814931,0.7312832734634412,0.7388713634770417,0.7350890666515013,0.7385208552400981,0.7340646255897055,0.77111812127585,0.7645905289357292,,,,,,
24,MLP,MagicTelescope,Neuronal (official),4702.0,0.6498422712933754,0.5119216362769994,0.7052225727304592,0.6419271478270336,0.7055730809674028,0.6518681034277155,0.7178408692604277,0.6784307918046425,0.7476340694006309,0.7317187057610439,0.7630564318261479,0.7560300177192414,0.7577988082719944,0.7533559575848161,0.7953031896249562,0.7889244503213871,,,,,,
0,MLP,MagicTelescope,Neuronal (tuned),6512.0,,,,,,,,,,,,,,,,,,,,,,
1,MLP,MagicTelescope,Neuronal (tuned),3552.0,,,,,,,,,,,,,,,,,,,,,,
2,MLP,MagicTelescope,Neuronal (tuned),6485.0,,,,,,,,,,,,,,,,,,,,,,
3,MLP,MagicTelescope,Neuronal (tuned),6526.0,,,,,,,,,,,,,,,,,,,,,,
4,MLP,MagicTelescope,Neuronal (tuned),3530.0,,,,,,,,,,,,,,,,,,,,,,
5,MLP,MagicTelescope,Neuronal (tuned),6521.0,,,,,,,,,,,,,,,,,,,,,,
6,MLP,MagicTelescope,Neuronal (tuned),3531.0,,,,,,,,,,,,,,,,,,,,,,
7,MLP,MagicTelescope,Neuronal (tuned),3516.0,,,,,,,,,,,,,,,,,,,,,,
8,MLP,MagicTelescope,Neuronal (tuned),3531.0,,,,,,,,,,,,,,,,,,,,,,
9,MLP,MagicTelescope,Neuronal (tuned),3505.0,,,,,,,,,,,,,,,,,,,,,,
10,MLP,MagicTelescope,Neuronal (tuned),3516.0,,,,,,,,,,,,,,,,,,,,,,
11,MLP,MagicTelescope,Neuronal (tuned),3506.0,,,,,,,,,,,,,,,,,,,,,,
12,MLP,MagicTelescope,Neuronal (tuned),3482.0,0.6333683841570277,0.5594307329223588,0.668769716088328,0.5627603899945494,0.6789344549596915,0.5939987195976696,0.7020679985979671,0.6441348266267907,,,,,,,,,,,,,,
13,MLP,MagicTelescope,Neuronal (tuned),3474.0,,,,,,,,,,,,,,,,,,,,,,
14,MLP,MagicTelescope,Neuronal (tuned),3479.0,,,,,,,,,,,,,,,,,,,,,,
15,MLP,MagicTelescope,Neuronal (tuned),3532.0,,,,,,,,,,,,,,,,,,,,,,
16,MLP,MagicTelescope,Neuronal (tuned),6448.0,,,,,,,,,,,,,,,,,,,,,,
17,MLP,MagicTelescope,Neuronal (tuned),3488.0,,,,,,,,,,,,,,,,,,,,,,
18,MLP,MagicTelescope,Neuronal (tuned),6488.0,,,,,,,,,,,,,,,,,,,,,,
19,MLP,MagicTelescope,Neuronal (tuned),3504.0,,,,,,,,,,,,,,,,,,,,,,
20,MLP,MagicTelescope,Neuronal (tuned),6456.0,,,,,,,,,,,,,,,,,,,,,,
21,MLP,MagicTelescope,Neuronal (tuned),6478.0,,,,,,,,,,,,,,,,,,,,,,
22,MLP,MagicTelescope,Neuronal (tuned),6492.0,0.34279705573080965,0.25338936987885646,0.3480546792849632,0.22032597942974957,0.3536628110760603,0.23003487170217954,0.35892043463021384,0.23605176091289898,,,,,,,,,,,,,,
23,MLP,MagicTelescope,Neuronal (tuned),3470.0,,,,,,,,,,,,,,,,,,,,,,
24,MLP,MagicTelescope,Neuronal (tuned),3287.0,0.6677181913774973,0.5621066516622221,0.6778829302488608,0.593914354093085,0.6845425867507886,0.6029214878866848,0.7202944269190326,0.6651219499742871,0.7490361023484052,0.7173339513445379,,,,,,,,,,,,
0,MLP,MagicTelescope,Margin,2951.0,0.35401331931300384,0.18511698291800877,0.35401331931300384,0.18511698291800877,,,,,,,,,,,,,,,,,,
1,MLP,MagicTelescope,Margin,3503.0,,,,,,,,,,,,,,,,,,,,,,
2,MLP,MagicTelescope,Margin,3535.0,0.6417805818436734,0.5017507452415738,,,,,,,,,,,,,,,,,,,,
3,MLP,MagicTelescope,Margin,3503.0,,,,,,,,,,,,,,,,,,,,,,
4,MLP,MagicTelescope,Margin,2930.0,0.3627760252365931,0.19314464306577875,0.3627760252365931,0.19314464306577875,,,,,,,,,,,,,,,,,,
5,MLP,MagicTelescope,Margin,3494.0,0.6365229582895198,0.4951491506762767,,,,,,,,,,,,,,,,,,,,
6,MLP,MagicTelescope,Margin,2932.0,0.35331230283911674,0.1844800835337113,,,,,,,,,,,,,,,,,,,,
7,MLP,MagicTelescope,Margin,2952.0,0.35085874518051174,0.1822571893750349,,,,,,,,,,,,,,,,,,,,
8,MLP,MagicTelescope,Margin,3483.0,,,,,,,,,,,,,,,,,,,,,,
9,MLP,MagicTelescope,Margin,4143.0,0.3501577287066246,0.18162386862820248,0.3501577287066246,0.18162386862820248,,,,,,,,,,,,,,,,,,
10,MLP,MagicTelescope,Margin,6238.0,0.3501577287066246,0.18162386862820248,0.3501577287066246,0.18162386862820248,,,,,,,,,,,,,,,,,,
11,MLP,MagicTelescope,Margin,3240.0,0.37048720644935157,0.20030945126187447,0.37048720644935157,0.20030945126187447,,,,,,,,,,,,,,,,,,
12,MLP,MagicTelescope,Margin,2978.0,0.6365229582895198,0.4951491506762767,,,,,,,,,,,,,,,,,,,,
13,MLP,MagicTelescope,Margin,3922.0,0.6621100595864002,0.5275098703326487,0.6621100595864002,0.5275098703326487,0.6621100595864002,0.5275098703326487,,,,,,,,,,,,,,,,
14,MLP,MagicTelescope,Margin,6505.0,,,,,,,,,,,,,,,,,,,,,,
15,MLP,MagicTelescope,Margin,6548.0,0.6445846477392219,0.5052818274477532,,,,,,,,,,,,,,,,,,,,
16,MLP,MagicTelescope,Margin,4653.0,0.652646337188924,0.5154729500936485,0.652646337188924,0.5154729500936485,0.652646337188924,0.5154729500936485,,,,,,,,,,,,,,,,
17,MLP,MagicTelescope,Margin,3521.0,,,,,,,,,,,,,,,,,,,,,,
18,MLP,MagicTelescope,Margin,3579.0,,,,,,,,,,,,,,,,,,,,,,
19,MLP,MagicTelescope,Margin,6738.0,0.6480897301086576,0.5097056192985571,,,,,,,,,,,,,,,,,,,,
20,MLP,MagicTelescope,Margin,3865.0,0.3445495969155275,0.1765861594202104,,,,,,,,,,,,,,,,,,,,
21,MLP,MagicTelescope,Margin,3517.0,,,,,,,,,,,,,,,,,,,,,,
22,MLP,MagicTelescope,Margin,3143.0,0.650192779530319,0.5123651682365088,0.650192779530319,0.5123651682365088,,,,,,,,,,,,,,,,,,
23,MLP,MagicTelescope,Margin,3021.0,0.6565019277953031,0.5203673765385538,,,,,,,,,,,,,,,,,,,,
24,MLP,MagicTelescope,Margin,4219.0,0.6424815983175605,0.5026328509244936,0.6424815983175605,0.5026328509244936,,,,,,,,,,,,,,,,,,
0,MLP,MagicTelescope,Cesa,6501.0,,,,,,,,,,,,,,,,,,,,,,
1,MLP,MagicTelescope,Cesa,6473.0,,,,,,,,,,,,,,,,,,,,,,
2,MLP,MagicTelescope,Cesa,3472.0,,,,,,,,,,,,,,,,,,,,,,
3,MLP,MagicTelescope,Cesa,3106.0,0.3470031545741325,0.1787838267126678,0.3470031545741325,0.1787838267126678,0.3470031545741325,0.1787838267126678,0.3470031545741325,0.1787838267126678,,,,,,,,,,,,,,
4,MLP,MagicTelescope,Cesa,3068.0,0.6340694006309149,0.4920770252000536,0.6340694006309149,0.4920770252000536,0.6340694006309149,0.4920770252000536,0.6340694006309149,0.4920770252000536,,,,,,,,,,,,,,
5,MLP,MagicTelescope,Cesa,2816.0,0.34840518752190675,0.18004406363232406,0.34840518752190675,0.18004406363232406,0.34840518752190675,0.18004406363232406,0.34840518752190675,0.18004406363232406,,,,,,,,,,,,,,
6,MLP,MagicTelescope,Cesa,3107.0,0.3673326323168594,0.1973671359487663,0.3673326323168594,0.1973671359487663,0.3673326323168594,0.1973671359487663,0.3673326323168594,0.1973671359487663,,,,,,,,,,,,,,
7,MLP,MagicTelescope,Cesa,3651.0,0.6494917630564319,0.5114782137456728,0.6494917630564319,0.5114782137456728,0.6494917630564319,0.5114782137456728,,,,,,,,,,,,,,,,
8,MLP,MagicTelescope,Cesa,3017.0,0.3438485804416404,0.17596007168140285,0.3438485804416404,0.17596007168140285,0.3438485804416404,0.17596007168140285,0.3438485804416404,0.17596007168140285,,,,,,,,,,,,,,
9,MLP,MagicTelescope,Cesa,3512.0,0.35962145110410093,0.19024058202258706,0.35962145110410093,0.19024058202258706,0.35962145110410093,0.19024058202258706,0.35962145110410093,0.19024058202258706,,,,,,,,,,,,,,
10,MLP,MagicTelescope,Cesa,2731.0,0.6572029442691903,0.5212586804165533,0.6572029442691903,0.5212586804165533,0.6572029442691903,0.5212586804165533,0.6572029442691903,0.5212586804165533,,,,,,,,,,,,,,
11,MLP,MagicTelescope,Cesa,3167.0,0.36207500876270593,0.19249793311985341,0.36207500876270593,0.19249793311985341,0.36207500876270593,0.19249793311985341,0.36207500876270593,0.19249793311985341,,,,,,,,,,,,,,
12,MLP,MagicTelescope,Cesa,3508.0,,,,,,,,,,,,,,,,,,,,,,
13,MLP,MagicTelescope,Cesa,3111.0,0.33508587451805116,0.16820272829575053,0.33508587451805116,0.16820272829575053,0.33508587451805116,0.16820272829575053,0.33508587451805116,0.16820272829575053,,,,,,,,,,,,,,
14,MLP,MagicTelescope,Cesa,2979.0,0.6438836312653348,0.5043983925946353,0.6438836312653348,0.5043983925946353,0.6438836312653348,0.5043983925946353,,,,,,,,,,,,,,,,
15,MLP,MagicTelescope,Cesa,3035.0,0.34770417104801965,0.1794135436565074,0.34770417104801965,0.1794135436565074,0.34770417104801965,0.1794135436565074,0.34770417104801965,0.1794135436565074,,,,,,,,,,,,,,
16,MLP,MagicTelescope,Cesa,3048.0,0.35751840168243953,0.1883133331867226,0.35751840168243953,0.1883133331867226,0.35751840168243953,0.1883133331867226,0.35751840168243953,0.1883133331867226,,,,,,,,,,,,,,
17,MLP,MagicTelescope,Cesa,3065.0,0.3505082369435682,0.1819404292465965,0.3505082369435682,0.1819404292465965,0.3505082369435682,0.1819404292465965,0.3505082369435682,0.1819404292465965,,,,,,,,,,,,,,
18,MLP,MagicTelescope,Cesa,2954.0,0.35856992639327023,0.1892760756967572,0.35856992639327023,0.1892760756967572,0.35856992639327023,0.1892760756967572,0.35856992639327023,0.1892760756967572,,,,,,,,,,,,,,
19,MLP,MagicTelescope,Cesa,2899.0,0.6445846477392219,0.5052818274477532,0.6445846477392219,0.5052818274477532,0.6445846477392219,0.5052818274477532,,,,,,,,,,,,,,,,
20,MLP,MagicTelescope,Cesa,6417.0,,,,,,,,,,,,,,,,,,,,,,
21,MLP,MagicTelescope,Cesa,6429.0,,,,,,,,,,,,,,,,,,,,,,
22,MLP,MagicTelescope,Cesa,2907.0,0.6424815983175605,0.5026328509244936,0.6424815983175605,0.5026328509244936,0.6424815983175605,0.5026328509244936,,,,,,,,,,,,,,,,
23,MLP,MagicTelescope,Cesa,2990.0,0.35191026989134244,0.18320866526881402,0.35191026989134244,0.18320866526881402,0.35191026989134244,0.18320866526881402,0.35191026989134244,0.18320866526881402,,,,,,,,,,,,,,
24,MLP,MagicTelescope,Cesa,3242.0,0.3515597616543989,0.1828913075411629,0.3515597616543989,0.1828913075411629,0.3515597616543989,0.1828913075411629,0.3515597616543989,0.1828913075411629,,,,,,,,,,,,,,
0,MLP,adult,Neural-CBP,2446.0,,,,,,,,,,,,,,,,,,,,,,
1,MLP,adult,Neural-CBP,2417.0,,,,,,,,,,,,,,,,,,,,,,
2,MLP,adult,Neural-CBP,2430.0,,,,,,,,,,,,,,,,,,,,,,
3,MLP,adult,Neural-CBP,2312.0,0.763204585778627,0.6657548039881186,,,,,,,,,,,,,,,,,,,,
4,MLP,adult,Neural-CBP,2200.0,0.7612938446840453,0.6588076263951251,0.7909103316500614,0.7299174595312464,0.7906373686365498,0.7350174754402127,,,,,,,,,,,,,,,,
5,MLP,adult,Neural-CBP,2447.0,0.7686638460488604,0.6766374825292825,0.7664801419407671,0.6717227383734766,0.7795823665893271,0.7025600361455756,,,,,,,,,,,,,,,,
6,MLP,adult,Neural-CBP,3699.0,0.7630681042718711,0.6605223364273156,0.7698921796096629,0.6765895745755642,0.7940494063054456,0.7346256093775989,0.7926845912378873,0.7405375213622427,,,,,,,,,,,,,,
7,MLP,adult,Neural-CBP,2064.0,0.7894090350757472,0.7338497892564678,,,,,,,,,,,,,,,,,,,,
8,MLP,adult,Neural-CBP,2406.0,0.7556981029070561,0.65246260529659,0.7847686638460488,0.7230282414462256,0.7775351439879896,0.7076210428841962,,,,,,,,,,,,,,,,
9,MLP,adult,Neural-CBP,2390.0,,,,,,,,,,,,,,,,,,,,,,
10,MLP,adult,Neural-CBP,2271.0,0.7719394022110004,0.6790014693539979,0.7780810700150129,0.6956559374558178,0.7969155179473182,0.7467586561345966,,,,,,,,,,,,,,,,
11,MLP,adult,Neural-CBP,2258.0,0.7634775487921387,0.6610778435017759,0.7784905145352805,0.6964524085913493,0.7940494063054456,0.7427585476338392,,,,,,,,,,,,,,,,
12,MLP,adult,Neural-CBP,7618.0,,,,,,,,,,,,,,,,,,,,,,
13,MLP,adult,Neural-CBP,2184.0,0.2296983758700696,0.08581184607976185,,,,,,,,,,,,,,,,,,,,
14,MLP,adult,Neural-CBP,2100.0,0.7768527364542105,0.6955815246610876,0.7933669987716664,0.7374577037365804,,,,,,,,,,,,,,,,,,
15,MLP,adult,Neural-CBP,2617.0,0.7638869933124062,0.6639324319891012,0.23816022928893135,0.09162028221101967,0.7911832946635731,0.7291336794084639,0.7930940357581547,0.7408251175692636,,,,,,,,,,,,,,
16,MLP,adult,Neural-CBP,2077.0,0.7861334789136072,0.7234456210724666,0.7870888494608981,0.7318063018638582,,,,,,,,,,,,,,,,,,
17,MLP,adult,Neural-CBP,2579.0,0.7746690323461171,0.6803259430211664,0.7918657021973523,0.7234485142549257,0.7932305172649106,0.7268548890623103,,,,,,,,,,,,,,,,
18,MLP,adult,Neural-CBP,2377.0,,,,,,,,,,,,,,,,,,,,,,
19,MLP,adult,Neural-CBP,2290.0,0.7633410672853829,0.6610314439055781,0.7905008871297939,0.7259288416629742,0.7989627405486557,0.7509917371390052,,,,,,,,,,,,,,,,
20,MLP,adult,Neural-CBP,2171.0,0.7674355124880579,0.6737465044676259,0.7947318138392248,0.741439504143069,0.795414221373004,0.7402442794454831,,,,,,,,,,,,,,,,
21,MLP,adult,Neural-CBP,2405.0,,,,,,,,,,,,,,,,,,,,,,
22,MLP,adult,Neural-CBP,7612.0,,,,,,,,,,,,,,,,,,,,,,
23,MLP,adult,Neural-CBP,2080.0,0.7839497748055139,0.7408172535461186,0.7926845912378873,0.7458248015775898,,,,,,,,,,,,,,,,,,
24,MLP,adult,Neural-CBP,2606.0,0.761566807697557,0.6599967018417481,0.7814931076839088,0.7376997963855689,0.795414221373004,0.738790332535829,,,,,,,,,,,,,,,,
0,MLP,adult,IneurAL (official),8419.0,0.7619762522178245,0.6595949846974205,0.7619762522178245,0.6595949846974205,0.7619762522178245,0.6595949846974205,0.7619762522178245,0.6595949846974205,0.7619762522178245,0.6595949846974205,0.23856967380919886,0.09190518783878339,0.23856967380919886,0.09190518783878339,0.7929575542513989,0.7502936820429585,0.7936399617851781,0.7397259797787252,0.787907738501433,0.7694507148876767,,
1,MLP,adult,IneurAL (official),9951.0,0.7498293981165552,0.642627363427557,0.7655247713934762,0.6812910807770621,0.7005595741776989,0.700938157480863,0.7733042172785588,0.6985765960402772,0.7870888494608981,0.738354400821538,0.7884536645284564,0.7520180369167558,0.7799918111095947,0.7561003869739619,0.2530367135253173,0.1356001013464225,0.7849051453528046,0.7396473774316219,0.7880442200081889,0.7601595455196152,0.8240753377917293,0.8137374339523815
2,MLP,adult,IneurAL (official),7600.0,,,,,,,,,,,,,,,,,,,,,,
3,MLP,adult,IneurAL (official),9936.0,0.2414357854510714,0.09390938972360276,0.23938856284973387,0.1294627442682464,0.7709840316637095,0.6840017372379521,0.7941858878122015,0.7397433562358227,0.7760338474136754,0.7320513816202752,0.7935034802784223,0.7458283589274974,0.7990992220554115,0.7630310373170676,0.7798553296028388,0.7057588386874959,0.7990992220554115,0.7667540026629954,0.2845639415859151,0.18165568940592777,0.8096082980756107,0.7755747681608629
4,MLP,adult,IneurAL (official),8737.0,0.7636140302988945,0.661816269567372,0.7636140302988945,0.661816269567372,0.7636140302988945,0.661816269567372,0.7636140302988945,0.661816269567372,0.7636140302988945,0.661816269567372,0.23693189572812884,0.09076768641377726,0.7794458850825713,0.7002081229350654,0.7958236658932715,0.7539622897774354,0.7909103316500614,0.7661606526970975,0.7117510577316774,0.7331465011686755,,
5,MLP,adult,IneurAL (official),9931.0,0.7748055138528729,0.6886081071963642,0.7843592193257813,0.7618789175072203,0.778899959055548,0.758595236311808,0.7836768117920022,0.7587600023656375,0.7840862563122697,0.7434267668621779,0.782994404258223,0.7453644243211887,0.7754879213866521,0.6894430592893194,0.789545516582503,0.7283048788158516,0.7935034802784223,0.7626487429373099,0.8042855193121332,0.7626229698733652,0.8094718165688549,0.7701488340892737
6,MLP,adult,IneurAL (official),9935.0,0.24334652654565306,0.09525507284981326,0.7490105090760202,0.7241386424712388,0.7889995905554797,0.7330714034209975,0.6173058550566398,0.644154840308627,0.24280060051862973,0.09771263270068518,0.7900914426095265,0.7327062842545341,0.7866794049406306,0.7537870744719344,0.2814248669305309,0.19012813215315777,0.7955507028797598,0.7468641841106266,0.7990992220554115,0.7700090286086406,0.7981438515081206,0.7598572121173734
7,MLP,adult,IneurAL (official),9902.0,0.23488467312679132,0.08935378480353844,0.7872253309676539,0.7436809610957814,0.7941858878122015,0.746615224302928,0.7832673672717346,0.7586514561374417,0.796233110413539,0.7450539019295868,0.7967790364405622,0.74655830580272,0.7877712569946772,0.7567621932483579,0.7753514398798963,0.6907425551882197,0.8019653336972841,0.766190749885863,0.802784222737819,0.7648962373701583,0.82666848642009,0.812593661654882
8,MLP,adult,IneurAL (official),9842.0,0.23665893271461716,0.09057865342172965,0.7842227378190255,0.7399476551110179,0.6759929029616487,0.6695376617620264,0.7857240343933397,0.741070421423434,0.8008734816432374,0.7620548701149459,0.7966425549338064,0.768852466223819,0.7758973659069196,0.7499607121014917,0.801146444656749,0.7575112113448095,0.7779445885082571,0.7559471083567068,0.8021018152040399,0.7489898799541407,0.6912788317183022,0.7142526928903145
9,MLP,adult,IneurAL (official),8786.0,0.7690732905691279,0.6695090809409258,0.7850416268595606,0.7408043204130369,0.7850416268595606,0.7408043204130369,0.7850416268595606,0.7408043204130369,0.7850416268595606,0.7408043204130369,0.23174559847140713,0.08720310830015497,0.23174559847140713,0.08720310830015497,0.7992357035621673,0.7513953658943188,0.8007370001364815,0.7617586632515648,0.7894090350757472,0.7729173001564572,,
10,MLP,adult,IneurAL (official),9132.0,0.7644329193394295,0.6633392332268372,0.7644329193394295,0.6633392332268372,0.7644329193394295,0.6633392332268372,0.7644329193394295,0.6633392332268372,0.7644329193394295,0.6633392332268372,0.23652245120786133,0.09048419601395666,0.7754879213866521,0.6904248564989852,0.8001910741094582,0.7572025813932189,0.796233110413539,0.766642402345134,0.7780810700150129,0.7684955953005158,,
11,MLP,adult,IneurAL (official),9934.0,0.7869523679541423,0.7442881690771765,0.7948682953459806,0.74233185606382,0.782175515217688,0.7412098845206989,0.780537737136618,0.7072840205522813,0.7940494063054456,0.7495250259022811,0.787907738501433,0.7477948620254427,0.789545516582503,0.7632633916720928,0.7898184795960147,0.7540622624453911,0.7965060734270506,0.7550751457467507,0.8014194076702607,0.7710184414988385,0.802784222737819,0.8072038921892877
12,MLP,adult,IneurAL (official),9937.0,0.7627951412583595,0.6601520663507233,0.784632182339293,0.7409451437632826,0.7872253309676539,0.7431422939459537,0.787907738501433,0.7435324619180816,0.7943223693189573,0.7348098085229493,0.7885901460352123,0.745887559271495,0.8010099631499932,0.7670016626210044,0.7806742186433738,0.7049135491534804,0.8000545926027023,0.7564963255573902,0.7911832946635731,0.7510580909541529,0.8045584823256449,0.783126870319467
13,MLP,adult,IneurAL (official),9934.0,0.7592466220827078,0.6575136722890466,0.775624402893408,0.7397824913530913,0.7932305172649106,0.7448904828443883,0.23884263682271054,0.1280431387121806,0.7933669987716664,0.7387403090362036,0.7917292206905964,0.761767081052167,0.7891360720622356,0.7624334836290217,0.7929575542513989,0.7457112767685447,0.797051999454074,0.7560028015874003,0.7993721850689232,0.7460557663936157,0.8008734816432374,0.750723622234747
14,MLP,adult,IneurAL (official),9919.0,0.2447113416132114,0.0962209288404579,0.7704381056366862,0.7534236999999042,0.7627951412583595,0.7492589437744965,0.7208953186843182,0.7234808496828495,0.7554251398935444,0.6901715936098993,0.7966425549338064,0.7463071591624771,0.7980073700013648,0.7505655379276622,0.7944588508257131,0.7439797475790751,0.7820390337109322,0.7423885669620607,0.8182066330012283,0.7996021688829931,0.812747372730995,0.7819141328872303
15,MLP,adult,IneurAL (official),9869.0,0.7649788453664529,0.6639435035163189,0.7993721850689232,0.7489147627573641,0.7851781083663164,0.742231935330505,0.797051999454074,0.737931023716833,0.7955507028797598,0.735602411613658,0.7990992220554115,0.7622757924324473,0.7918657021973523,0.761482810165148,0.798689777535144,0.7500045190974582,0.8034666302715981,0.7693134899274467,0.7925481097311314,0.7645790208551365,0.7820390337109322,0.7063754639560286
16,MLP,adult,IneurAL (official),9883.0,0.2470315272280606,0.0978717443981153,0.7896819980892589,0.7625131745964995,0.7861334789136072,0.7605879999196232,0.7768527364542105,0.7575612008290646,0.7739866248123379,0.7340008979581988,0.7914562576770847,0.7402830810594929,0.7935034802784223,0.7545850610120182,0.793776443291934,0.750529684743118,0.7960966289067831,0.764633476810637,0.8057868158864474,0.7744128339858888,0.7933669987716664,0.7405269984362627
17,MLP,adult,IneurAL (official),7561.0,,,,,,,,,,,,,,,,,,,,,,
18,MLP,adult,IneurAL (official),8786.0,0.7727582912515354,0.6923651374654529,0.7727582912515354,0.6923651374654529,0.7727582912515354,0.6923651374654529,0.7727582912515354,0.6923651374654529,0.7727582912515354,0.6923651374654529,0.24525726764023476,0.09660835378112712,0.24525726764023476,0.09660835378112712,0.7887266275419681,0.748746408364312,0.7892725535689914,0.7496183890952294,0.7906373686365498,0.7582865349264234,,
19,MLP,adult,IneurAL (official),9225.0,0.7570629179746144,0.6539007187488235,0.7570629179746144,0.6539007187488235,0.24443837859969975,0.09602744814039532,0.7641599563259178,0.6701731195034724,0.7641599563259178,0.6701731195034724,0.24443837859969975,0.09602744814039532,0.24443837859969975,0.09602744814039532,0.7839497748055139,0.7343570776435168,0.780537737136618,0.7493114854994427,0.7911832946635731,0.7600650468800243,0.8046949638324007,0.7904722699613075
20,MLP,adult,IneurAL (official),8392.0,0.7649788453664529,0.6639435035163189,0.7853145898730722,0.7148671743274041,0.7853145898730722,0.7148671743274041,0.7853145898730722,0.7148671743274041,0.7853145898730722,0.7148671743274041,0.23584004367408215,0.09001250037963865,0.23584004367408215,0.09001250037963865,0.7922751467176198,0.760826708170845,0.786269960420363,0.7623386343870017,0.7963695919202948,0.7492899305579152,,
21,MLP,adult,IneurAL (official),8807.0,0.7626586597516036,0.6607950894168929,0.7626586597516036,0.6607950894168929,0.7626586597516036,0.6607950894168929,0.7626586597516036,0.6607950894168929,0.7626586597516036,0.6607950894168929,0.23816022928893135,0.09162028221101967,0.771393476183977,0.6830596727692985,0.7935034802784223,0.7474942853943249,0.7917292206905964,0.7614292407132964,0.7659342159137437,0.7629857472353015,,
22,MLP,adult,IneurAL (official),9446.0,0.7657977344069878,0.6706591757904401,0.7657977344069878,0.6706591757904401,0.7757608844001638,0.6952174425920831,0.792138665210864,0.7332944048763115,0.7909103316500614,0.742636813569305,0.7909103316500614,0.742636813569305,0.7844957008325372,0.7555819441752033,0.7765797734406988,0.6975247360895411,0.7939129247986898,0.7581640407904563,0.7915927391838405,0.7592790545102802,0.8052408898594241,0.779615752956725
23,MLP,adult,IneurAL (official),9899.0,0.23884263682271054,0.09209532101790094,0.7850416268595606,0.7394686945013659,0.2328374505254538,0.12346813723118548,0.7948682953459806,0.7450342077415895,0.7996451480824348,0.7627230821265011,0.7966425549338064,0.7621232761294303,0.7891360720622356,0.7612049272131471,0.7700286611164188,0.7414335922817933,0.7920021837041081,0.7308806461646232,0.8119284836904599,0.7968924406482982,0.8172512624539375,0.8207727856062735
24,MLP,adult,IneurAL (official),9926.0,0.7719394022110004,0.6824818295675341,0.7511942131841135,0.6653513136391012,0.23024430189709294,0.08914495380750546,0.7836768117920022,0.711643323686108,0.7922751467176198,0.7449037021701915,0.7926845912378873,0.7577783179951929,0.7873618124744097,0.7387375246984991,0.7905008871297939,0.7297590284989229,0.7948682953459806,0.7531668034885448,0.6723079022792412,0.6953784804576665,0.816022928893135,0.8060246256613328
0,MLP,adult,IneurAL (tuned),2345.0,0.7649788453664529,0.6710146211286626,0.7649788453664529,0.6710146211286626,0.24280060051862973,0.09486981513785246,0.7907738501433056,0.7361325551940326,,,,,,,,,,,,,,
1,MLP,adult,IneurAL (tuned),7641.0,,,,,,,,,,,,,,,,,,,,,,
2,MLP,adult,IneurAL (tuned),7581.0,,,,,,,,,,,,,,,,,,,,,,
3,MLP,adult,IneurAL (tuned),7558.0,,,,,,,,,,,,,,,,,,,,,,
4,MLP,adult,IneurAL (tuned),2358.0,,,,,,,,,,,,,,,,,,,,,,
5,MLP,adult,IneurAL (tuned),3358.0,0.7758973659069196,0.6826439565148726,0.7758973659069196,0.6826439565148726,0.2288794868295346,0.08525786304156588,0.7963695919202948,0.7336504762585601,0.7963695919202948,0.7336504762585601,0.2288794868295346,0.08525786304156588,0.2288794868295346,0.08525786304156588,,,,,,,,
6,MLP,adult,IneurAL (tuned),2338.0,0.7771256994677221,0.6971716165746163,0.7771256994677221,0.6971716165746163,0.24048041490378053,0.0932394083090464,0.795414221373004,0.7478083853664521,,,,,,,,,,,,,,
7,MLP,adult,IneurAL (tuned),3695.0,0.7831308857649788,0.7406617804688473,0.7831308857649788,0.7406617804688473,0.23502115463354714,0.08944776843385305,0.7872253309676539,0.7224697739756744,0.7872253309676539,0.7224697739756744,0.7767162549474547,0.7525479699692577,0.7767162549474547,0.7525479699692577,,,,,,,,
8,MLP,adult,IneurAL (tuned),3182.0,0.7655247713934762,0.6677560416685082,0.7655247713934762,0.6677560416685082,0.7655247713934762,0.6677560416685082,0.7655247713934762,0.6677560416685082,0.7655247713934762,0.6677560416685082,0.23843319230244303,0.09181018006444082,0.7899549611027705,0.7342125697256754,,,,,,,,
9,MLP,adult,IneurAL (tuned),7572.0,,,,,,,,,,,,,,,,,,,,,,
10,MLP,adult,IneurAL (tuned),2363.0,0.767299030981302,0.671451227826339,0.767299030981302,0.671451227826339,0.23802374778217553,0.09152539215789089,0.8014194076702607,0.7529757618414341,,,,,,,,,,,,,,
11,MLP,adult,IneurAL (tuned),3140.0,0.7694827350893954,0.675922493715523,0.7694827350893954,0.675922493715523,0.7694827350893954,0.675922493715523,0.7694827350893954,0.675922493715523,0.7694827350893954,0.675922493715523,0.23747782175515217,0.09114622473893565,0.7911832946635731,0.728274199918027,,,,,,,,
12,MLP,adult,IneurAL (tuned),6226.0,0.7611573631772894,0.6629979787208043,0.7611573631772894,0.6629979787208043,0.7671625494745462,0.677374851289592,0.7959601474000273,0.7572485206890381,0.7959601474000273,0.7600068486737601,0.7959601474000273,0.7600068486737601,0.7955507028797598,0.7638554607586738,0.2660024566671216,0.15879126108250552,0.7865429234338747,0.7251747587384394,,,,
13,MLP,adult,IneurAL (tuned),9220.0,0.7671625494745462,0.6685315642012314,0.7671625494745462,0.6685315642012314,0.23529411764705882,0.08963585434173668,0.7988262590418999,0.7591193524652414,0.7854510713798281,0.7590211717020416,0.7911832946635731,0.7600326223977173,0.7824484782311997,0.7574601818339257,0.7950047768527364,0.7375431684394022,0.7985532960283882,0.7586781901904766,0.4965197215777262,0.5126029468737074,0.8052408898594241,0.7615395399340333
14,MLP,adult,IneurAL (tuned),7632.0,,,,,,,,,,,,,,,,,,,,,,
15,MLP,adult,IneurAL (tuned),2288.0,0.24170874846458304,0.09410116366910894,0.24170874846458304,0.09410116366910894,0.7869523679541423,0.7235819852970645,0.7887266275419681,0.733402519988959,,,,,,,,,,,,,,
16,MLP,adult,IneurAL (tuned),3113.0,0.7647058823529411,0.6685661321691071,0.7647058823529411,0.6685661321691071,0.7647058823529411,0.6685661321691071,0.7647058823529411,0.6685661321691071,0.7647058823529411,0.6685661321691071,0.24129930394431554,0.09381356115965911,0.7708475501569537,0.6838100262106033,,,,,,,,
17,MLP,adult,IneurAL (tuned),2688.0,0.2332468950457213,0.08822907118927349,0.2332468950457213,0.08822907118927349,0.2332468950457213,0.08822907118927349,0.2332468950457213,0.08822907118927349,0.7743960693326054,0.6839130820577863,,,,,,,,,,,,
18,MLP,adult,IneurAL (tuned),4066.0,0.7707110686501979,0.6789353583833665,0.7707110686501979,0.6789353583833665,0.7854510713798281,0.717046598484337,0.7926845912378873,0.7387879134953768,0.7926845912378873,0.7387879134953768,0.7748055138528729,0.7498540364495564,0.7748055138528729,0.7498540364495564,,,,,,,,
19,MLP,adult,IneurAL (tuned),3461.0,0.7768527364542105,0.6861876343190665,,,,,,,,,,,,,,,,,,,,
20,MLP,adult,IneurAL (tuned),2469.0,,,,,,,,,,,,,,,,,,,,,,
21,MLP,adult,IneurAL (tuned),2376.0,,,,,,,,,,,,,,,,,,,,,,
22,MLP,adult,IneurAL (tuned),5045.0,0.7655247713934762,0.6684031842773843,0.7655247713934762,0.6684031842773843,0.2391155998362222,0.09228561095121958,0.793776443291934,0.7437909551938682,0.7924116282243756,0.7538508897428312,0.7924116282243756,0.7538508897428312,0.7847686638460488,0.7577894368854979,0.7951412583594923,0.7475785876672443,,,,,,
23,MLP,adult,IneurAL (tuned),3251.0,0.7679814385150812,0.6748540099800656,0.7679814385150812,0.6748540099800656,0.7679814385150812,0.6748540099800656,0.7679814385150812,0.6748540099800656,0.7679814385150812,0.6748540099800656,0.23979800737000137,0.09276202090468788,0.7850416268595606,0.7205224515634062,,,,,,,,
24,MLP,adult,IneurAL (tuned),3228.0,0.7685273645421046,0.675837924633775,0.7685273645421046,0.675837924633775,0.7685273645421046,0.675837924633775,0.7685273645421046,0.675837924633775,0.7685273645421046,0.675837924633775,0.2395250443564897,0.0925713395387887,0.7930940357581547,0.7364423382172811,,,,,,,,
0,MLP,adult,Neuronal (official),2379.0,0.763204585778627,0.6607074918606831,,,,,,,,,,,,,,,,,,,,
1,MLP,adult,Neuronal (official),2344.0,,,,,,,,,,,,,,,,,,,,,,
2,MLP,adult,Neuronal (official),2385.0,0.7722123652245121,0.6729576530520276,,,,,,,,,,,,,,,,,,,,
3,MLP,adult,Neuronal (official),2403.0,0.7591101405759519,0.6551587558202258,,,,,,,,,,,,,,,,,,,,
4,MLP,adult,Neuronal (official),2403.0,0.7629316227651153,0.6603371945896097,,,,,,,,,,,,,,,,,,,,
5,MLP,adult,Neuronal (official),2388.0,,,,,,,,,,,,,,,,,,,,,,
6,MLP,adult,Neuronal (official),2424.0,,,,,,,,,,,,,,,,,,,,,,
7,MLP,adult,Neuronal (official),2447.0,0.765661252900232,0.6640426109252998,,,,,,,,,,,,,,,,,,,,
8,MLP,adult,Neuronal (official),2359.0,0.7602019926299987,0.6566372177946953,,,,,,,,,,,,,,,,,,,,
9,MLP,adult,Neuronal (official),2523.0,0.7618397707110687,0.658856549710928,0.7618397707110687,0.658856549710928,,,,,,,,,,,,,,,,,,
10,MLP,adult,Neuronal (official),2424.0,0.7642964378326736,0.662189224392817,,,,,,,,,,,,,,,,,,,,
11,MLP,adult,Neuronal (official),2406.0,0.7578818070151494,0.6534965332849573,,,,,,,,,,,,,,,,,,,,
12,MLP,adult,Neuronal (official),2438.0,0.7647058823529411,0.6627450980392156,,,,,,,,,,,,,,,,,,,,
13,MLP,adult,Neuronal (official),3482.0,0.760747918657022,0.6624438943882343,0.7618397707110687,0.6649358218822441,0.762385696738092,0.6661751817495721,0.7634775487921387,0.6688724128144837,0.768936809062372,0.6815764088478361,0.7771256994677221,0.7009544373068541,0.7855875528865839,0.7202435825537182,,,,,,,,
14,MLP,adult,Neuronal (official),4108.0,0.7533779172922069,0.6474112405157596,0.761566807697557,0.6663005121273025,0.7622492152313362,0.667830038990469,0.7653882898867204,0.6760939740823599,0.7667531049542787,0.6811630299480693,0.7667531049542787,0.6811630299480693,0.7712569946772212,0.6910296326503574,0.7824484782311997,0.72018134112563,,,,,,
15,MLP,adult,Neuronal (official),5803.0,0.7666166234475229,0.6665777927113892,0.7847686638460488,0.7122344815822601,0.778899959055548,0.6966760697797979,0.7779445885082571,0.6939877745779658,0.7941858878122015,0.7325371354509574,0.7941858878122015,0.7325371354509574,0.7915927391838405,0.7271003177631862,0.796233110413539,0.7409393026794581,,,,,,
16,MLP,adult,Neuronal (official),6346.0,0.23856967380919886,0.09190518783878339,0.7692097720758837,0.6769830770347874,0.7692097720758837,0.6769830770347874,0.7692097720758837,0.6769830770347874,0.771393476183977,0.6818479270863381,0.7738501433055821,0.6885317785317399,0.7738501433055821,0.6885317785317399,0.7906373686365498,0.7252150533318106,0.7973249624675857,0.7440235842604691,,,,
17,MLP,adult,Neuronal (official),5698.0,0.7611573631772894,0.6579315893427996,0.768936809062372,0.6763818398305936,0.7667531049542787,0.6709639901631432,0.7723488467312679,0.6852794102256483,0.7782175515217687,0.6994434320714329,0.7782175515217687,0.6994434320714329,0.7802647741231064,0.7050190906354268,0.7844957008325372,0.7160194018871656,,,,,,
18,MLP,adult,Neuronal (official),6606.0,0.23870615531595468,0.0920002348275903,0.7686638460488604,0.6751805033500144,0.7701651426231746,0.678554976894099,0.7696192165961512,0.6773317327878211,0.7791729220690596,0.7007379321051547,0.782994404258223,0.7097110060562888,0.782994404258223,0.7097110060562888,0.7939129247986898,0.734827718980334,0.795414221373004,0.7437630138737714,,,,
19,MLP,adult,Neuronal (official),6606.0,0.7614303261908012,0.6583015325923569,0.7678449570083253,0.6734369322531198,0.7671625494745462,0.6718843502372316,0.768117920021837,0.6742905485195011,0.7708475501569537,0.6813123599255746,0.7775351439879896,0.6980192203714903,0.7824484782311997,0.7092609933657618,0.7888631090487239,0.7236418042815135,0.7965060734270506,0.7439690934895136,,,,
20,MLP,adult,Neuronal (official),7189.0,0.23065374641736044,0.0864599825763201,0.7750784768663846,0.6824145523285337,0.7761703289204313,0.6848998886334335,0.7765797734406988,0.6860602945888761,0.7798553296028388,0.694703728946689,0.7817660706974205,0.6999285059976258,0.7823119967244438,0.7011000910411881,0.789545516582503,0.7177570905178405,0.8000545926027023,0.7455232852672619,,,,
21,MLP,adult,Neuronal (official),8011.0,0.7696192165961512,0.669425075179037,0.7738501433055821,0.6793386727771588,0.7764432919339429,0.6857403721528019,0.7793094035758155,0.6923840592040076,0.7793094035758155,0.6923840592040076,0.7786269960420363,0.6908689586064197,0.7786269960420363,0.6908689586064197,0.7859969974068514,0.7087016029752266,0.797051999454074,0.7366044332648384,0.8038760747918657,0.7555388697664149,,
22,MLP,adult,Neuronal (official),7088.0,0.764023474819162,0.6618187097930629,0.7765797734406988,0.6925595762636696,0.7793094035758155,0.6988019896346479,0.7765797734406988,0.6925595762636696,0.7820390337109322,0.706278022140504,0.7855875528865839,0.7144103067858791,0.7855875528865839,0.7144103067858791,0.795414221373004,0.7355760849977452,0.798689777535144,0.7503234359769442,,,,
23,MLP,adult,Neuronal (official),8464.0,0.7603384741367545,0.6568220870547153,0.7614303261908012,0.6594035352755123,0.762385696738092,0.6616466075907096,0.7641599563259178,0.6657740781546033,0.7641599563259178,0.6657740781546033,0.7670260679677904,0.6723389893123085,0.7670260679677904,0.6723389893123085,0.7720758837177563,0.6851403651300958,0.7868158864473864,0.7226704851821627,0.7910468131568172,0.7374543198866016,,
24,MLP,adult,Neuronal (official),8004.0,0.7588371775624403,0.6547892771393137,0.7593831035894636,0.656081966478271,0.7595195850962194,0.6564043900684197,0.7678449570083253,0.6755268850805973,0.768936809062372,0.6779582794964085,0.768936809062372,0.6779582794964085,0.771393476183977,0.6844521310359201,0.7757608844001638,0.6946165934449557,0.7922751467176198,0.733970819774672,0.7971884809608298,0.7498166109011416,,
0,MLP,adult,Neuronal (tuned),2392.0,,,,,,,,,,,,,,,,,,,,,,
1,MLP,adult,Neuronal (tuned),2381.0,,,,,,,,,,,,,,,,,,,,,,
2,MLP,adult,Neuronal (tuned),2450.0,,,,,,,,,,,,,,,,,,,,,,
3,MLP,adult,Neuronal (tuned),2387.0,,,,,,,,,,,,,,,,,,,,,,
4,MLP,adult,Neuronal (tuned),2409.0,,,,,,,,,,,,,,,,,,,,,,
5,MLP,adult,Neuronal (tuned),2378.0,,,,,,,,,,,,,,,,,,,,,,
6,MLP,adult,Neuronal (tuned),2384.0,,,,,,,,,,,,,,,,,,,,,,
7,MLP,adult,Neuronal (tuned),2383.0,,,,,,,,,,,,,,,,,,,,,,
8,MLP,adult,Neuronal (tuned),2340.0,,,,,,,,,,,,,,,,,,,,,,
9,MLP,adult,Neuronal (tuned),2403.0,,,,,,,,,,,,,,,,,,,,,,
10,MLP,adult,Neuronal (tuned),2392.0,,,,,,,,,,,,,,,,,,,,,,
11,MLP,adult,Neuronal (tuned),2400.0,,,,,,,,,,,,,,,,,,,,,,
12,MLP,adult,Neuronal (tuned),2322.0,,,,,,,,,,,,,,,,,,,,,,
13,MLP,adult,Neuronal (tuned),2389.0,,,,,,,,,,,,,,,,,,,,,,
14,MLP,adult,Neuronal (tuned),2488.0,,,,,,,,,,,,,,,,,,,,,,
15,MLP,adult,Neuronal (tuned),2400.0,,,,,,,,,,,,,,,,,,,,,,
16,MLP,adult,Neuronal (tuned),2394.0,,,,,,,,,,,,,,,,,,,,,,
17,MLP,adult,Neuronal (tuned),2478.0,,,,,,,,,,,,,,,,,,,,,,
18,MLP,adult,Neuronal (tuned),2373.0,,,,,,,,,,,,,,,,,,,,,,
19,MLP,adult,Neuronal (tuned),2357.0,,,,,,,,,,,,,,,,,,,,,,
20,MLP,adult,Neuronal (tuned),2431.0,0.7619762522178245,0.6590415826695761,,,,,,,,,,,,,,,,,,,,
21,MLP,adult,Neuronal (tuned),7570.0,,,,,,,,,,,,,,,,,,,,,,
22,MLP,adult,Neuronal (tuned),7635.0,,,,,,,,,,,,,,,,,,,,,,
23,MLP,adult,Neuronal (tuned),2441.0,0.7652518083799645,0.663486452696221,,,,,,,,,,,,,,,,,,,,
24,MLP,adult,Neuronal (tuned),2800.0,0.2403439333970247,0.09314385270954235,0.7675719939948137,0.6746511626085281,0.7693462535826395,0.6788359909196496,0.7768527364542105,0.6982882924970762,0.7809471816568855,0.7077859971128472,0.7809471816568855,0.7077859971128472,,,,,,,,,,
0,MLP,adult,Margin,3003.0,0.7596560666029752,0.6558978774082308,0.7596560666029752,0.6558978774082308,0.7596560666029752,0.6558978774082308,0.7596560666029752,0.6558978774082308,0.7596560666029752,0.6558978774082308,,,,,,,,,,,,
1,MLP,adult,Margin,2423.0,,,,,,,,,,,,,,,,,,,,,,
2,MLP,adult,Margin,2338.0,,,,,,,,,,,,,,,,,,,,,,
3,MLP,adult,Margin,2423.0,,,,,,,,,,,,,,,,,,,,,,
4,MLP,adult,Margin,2384.0,,,,,,,,,,,,,,,,,,,,,,
5,MLP,adult,Margin,2095.0,0.7593831035894636,0.6555282892516912,,,,,,,,,,,,,,,,,,,,
6,MLP,adult,Margin,2171.0,0.7648423638596971,0.6629304163745638,0.7648423638596971,0.6629304163745638,0.7648423638596971,0.6629304163745638,,,,,,,,,,,,,,,,
7,MLP,adult,Margin,2392.0,,,,,,,,,,,,,,,,,,,,,,
8,MLP,adult,Margin,2380.0,,,,,,,,,,,,,,,,,,,,,,
9,MLP,adult,Margin,2378.0,,,,,,,,,,,,,,,,,,,,,,
10,MLP,adult,Margin,2422.0,,,,,,,,,,,,,,,,,,,,,,
11,MLP,adult,Margin,2396.0,,,,,,,,,,,,,,,,,,,,,,
12,MLP,adult,Margin,2030.0,0.7567899549611028,0.6520199347823671,,,,,,,,,,,,,,,,,,,,
13,MLP,adult,Margin,2396.0,,,,,,,,,,,,,,,,,,,,,,
14,MLP,adult,Margin,7589.0,,,,,,,,,,,,,,,,,,,,,,
15,MLP,adult,Margin,7634.0,,,,,,,,,,,,,,,,,,,,,,
16,MLP,adult,Margin,2326.0,,,,,,,,,,,,,,,,,,,,,,
17,MLP,adult,Margin,2422.0,,,,,,,,,,,,,,,,,,,,,,
18,MLP,adult,Margin,2385.0,,,,,,,,,,,,,,,,,,,,,,
19,MLP,adult,Margin,2410.0,,,,,,,,,,,,,,,,,,,,,,
20,MLP,adult,Margin,2373.0,,,,,,,,,,,,,,,,,,,,,,
21,MLP,adult,Margin,2371.0,,,,,,,,,,,,,,,,,,,,,,
22,MLP,adult,Margin,2293.0,0.2347481916200355,0.08925984073979464,0.2347481916200355,0.08925984073979464,0.2347481916200355,0.08925984073979464,,,,,,,,,,,,,,,,
23,MLP,adult,Margin,2395.0,,,,,,,,,,,,,,,,,,,,,,
24,MLP,adult,Margin,2408.0,,,,,,,,,,,,,,,,,,,,,,
0,MLP,adult,Cesa,2396.0,,,,,,,,,,,,,,,,,,,,,,
1,MLP,adult,Cesa,2487.0,0.7604749556435103,0.6570069699737404,0.7604749556435103,0.6570069699737404,0.7604749556435103,0.6570069699737404,,,,,,,,,,,,,,,,
2,MLP,adult,Cesa,2491.0,0.7597925481097312,0.6560826920004457,0.7597925481097312,0.6560826920004457,0.7597925481097312,0.6560826920004457,,,,,,,,,,,,,,,,
3,MLP,adult,Cesa,2323.0,0.7600655111232428,0.6564523621968578,0.7600655111232428,0.6564523621968578,0.7600655111232428,0.6564523621968578,0.7600655111232428,0.6564523621968578,,,,,,,,,,,,,,
4,MLP,adult,Cesa,2512.0,0.2403439333970247,0.09314385270954235,0.2403439333970247,0.09314385270954235,0.2403439333970247,0.09314385270954235,0.2403439333970247,0.09314385270954235,0.2403439333970247,0.09314385270954235,,,,,,,,,,,,
5,MLP,adult,Cesa,2849.0,0.2391155998362222,0.09228561095121958,0.2391155998362222,0.09228561095121958,0.2391155998362222,0.09228561095121958,0.2391155998362222,0.09228561095121958,0.2391155998362222,0.09228561095121958,,,,,,,,,,,,
6,MLP,adult,Cesa,2494.0,0.23720485874164052,0.09095687688758328,0.23720485874164052,0.09095687688758328,0.23720485874164052,0.09095687688758328,0.23720485874164052,0.09095687688758328,0.23720485874164052,0.09095687688758328,,,,,,,,,,,,
7,MLP,adult,Cesa,2531.0,0.23870615531595468,0.0920002348275903,0.23870615531595468,0.0920002348275903,0.23870615531595468,0.0920002348275903,0.23870615531595468,0.0920002348275903,,,,,,,,,,,,,,
8,MLP,adult,Cesa,2592.0,0.23652245120786133,0.09048419601395666,0.23652245120786133,0.09048419601395666,0.23652245120786133,0.09048419601395666,0.23652245120786133,0.09048419601395666,,,,,,,,,,,,,,
9,MLP,adult,Cesa,2400.0,,,,,,,,,,,,,,,,,,,,,,
10,MLP,adult,Cesa,2399.0,,,,,,,,,,,,,,,,,,,,,,
11,MLP,adult,Cesa,2432.0,0.7516036577043811,0.6450181304313584,0.7516036577043811,0.6450181304313584,0.7516036577043811,0.6450181304313584,,,,,,,,,,,,,,,,
12,MLP,adult,Cesa,2538.0,0.23966152586324552,0.09266666066626866,0.23966152586324552,0.09266666066626866,0.23966152586324552,0.09266666066626866,0.23966152586324552,0.09266666066626866,0.23966152586324552,0.09266666066626866,,,,,,,,,,,,
13,MLP,adult,Cesa,2540.0,0.23461171011327964,0.08916593625574346,0.23461171011327964,0.08916593625574346,0.23461171011327964,0.08916593625574346,0.23461171011327964,0.08916593625574346,0.23461171011327964,0.08916593625574346,,,,,,,,,,,,
14,MLP,adult,Cesa,2408.0,,,,,,,,,,,,,,,,,,,,,,
15,MLP,adult,Cesa,7639.0,,,,,,,,,,,,,,,,,,,,,,
16,MLP,adult,Cesa,2515.0,0.23092670943087212,0.08664552441668381,0.23092670943087212,0.08664552441668381,0.23092670943087212,0.08664552441668381,0.23092670943087212,0.08664552441668381,0.23092670943087212,0.08664552441668381,,,,,,,,,,,,
17,MLP,adult,Cesa,2601.0,0.7610208816705336,0.6577466381763768,0.7610208816705336,0.6577466381763768,0.7610208816705336,0.6577466381763768,,,,,,,,,,,,,,,,
18,MLP,adult,Cesa,2459.0,0.2430735635321414,0.09506236641430475,0.2430735635321414,0.09506236641430475,0.2430735635321414,0.09506236641430475,0.2430735635321414,0.09506236641430475,0.2430735635321414,0.09506236641430475,,,,,,,,,,,,
19,MLP,adult,Cesa,2578.0,0.23761430326190802,0.09124095764865062,0.23761430326190802,0.09124095764865062,0.23761430326190802,0.09124095764865062,0.23761430326190802,0.09124095764865062,0.23761430326190802,0.09124095764865062,,,,,,,,,,,,
20,MLP,adult,Cesa,2390.0,0.764023474819162,0.6618187097930629,0.764023474819162,0.6618187097930629,0.764023474819162,0.6618187097930629,0.764023474819162,0.6618187097930629,,,,,,,,,,,,,,
21,MLP,adult,Cesa,2411.0,,,,,,,,,,,,,,,,,,,,,,
22,MLP,adult,Cesa,2688.0,0.23816022928893135,0.09162028221101967,0.23816022928893135,0.09162028221101967,0.23816022928893135,0.09162028221101967,0.23816022928893135,0.09162028221101967,0.23816022928893135,0.09162028221101967,,,,,,,,,,,,
23,MLP,adult,Cesa,2496.0,0.24402893407943224,0.09573751708919909,0.24402893407943224,0.09573751708919909,0.24402893407943224,0.09573751708919909,0.24402893407943224,0.09573751708919909,0.24402893407943224,0.09573751708919909,,,,,,,,,,,,
24,MLP,adult,Cesa,2442.0,0.23379282107274466,0.08860334126053354,0.23379282107274466,0.08860334126053354,0.23379282107274466,0.08860334126053354,0.23379282107274466,0.08860334126053354,0.23379282107274466,0.08860334126053354,,,,,,,,,,,,
